,Phase,cosine_similarity
0,how company compares to its peers?,"[[[ 1. -1. -1. ...  1.  1. -1.]
  [ 1. -1. -1. ...  1.  1. -1.]
  [ 1. -1. -1. ...  1.  1. -1.]
  ...
  [ 1. -1. -1. ...  1.  1. -1.]
  [-1.  1.  1. ... -1. -1.  1.]
  [-1.  1.  1. ... -1. -1.  1.]]

 [[ 1.  1.  1. ... -1.  1. -1.]
  [ 1.  1.  1. ... -1.  1. -1.]
  [ 1.  1.  1. ... -1.  1. -1.]
  ...
  [ 1.  1.  1. ... -1.  1. -1.]
  [-1. -1. -1. ...  1. -1.  1.]
  [-1. -1. -1. ...  1. -1.  1.]]

 [[ 1.  1.  1. ...  1.  1. -1.]
  [ 1.  1.  1. ...  1.  1. -1.]
  [ 1.  1.  1. ...  1.  1. -1.]
  ...
  [ 1.  1.  1. ...  1.  1. -1.]
  [-1. -1. -1. ... -1. -1.  1.]
  [-1. -1. -1. ... -1. -1.  1.]]

 ...

 [[-1.  1.  1. ... -1.  1. -1.]
  [-1.  1.  1. ... -1.  1. -1.]
  [-1.  1.  1. ... -1.  1. -1.]
  ...
  [-1.  1.  1. ... -1.  1. -1.]
  [ 1. -1. -1. ...  1. -1.  1.]
  [ 1. -1. -1. ...  1. -1.  1.]]

 [[ 1. -1.  1. ...  1.  1. -1.]
  [ 1. -1.  1. ...  1.  1. -1.]
  [ 1. -1.  1. ...  1.  1. -1.]
  ...
  [ 1. -1.  1. ...  1.  1. -1.]
  [-1.  1. -1. ... -1. -1.  1.]
  [-1.  1. -1. ... -1. -1.  1.]]

 [[ 1.  1.  1. ...  1.  1.  1.]
  [ 1.  1.  1. ...  1.  1.  1.]
  [ 1.  1.  1. ...  1.  1.  1.]
  ...
  [ 1.  1.  1. ...  1.  1.  1.]
  [-1. -1. -1. ... -1. -1. -1.]
  [-1. -1. -1. ... -1. -1. -1.]]]"
1,what is the detailed income statement breakdown of Axa?,"[[[ 1.  1.  1. ...  1. -1. -1.]
  [-1. -1. -1. ... -1.  1.  1.]
  [-1. -1. -1. ... -1.  1.  1.]
  ...
  [ 1.  1.  1. ...  1. -1. -1.]
  [ 1.  1.  1. ...  1. -1. -1.]
  [-1. -1. -1. ... -1.  1.  1.]]

 [[ 1.  1.  1. ... -1.  1. -1.]
  [-1. -1. -1. ...  1. -1.  1.]
  [-1. -1. -1. ...  1. -1.  1.]
  ...
  [ 1.  1.  1. ... -1.  1. -1.]
  [ 1.  1.  1. ... -1.  1. -1.]
  [-1. -1. -1. ...  1. -1.  1.]]

 [[ 1.  1.  1. ...  1.  1. -1.]
  [-1. -1. -1. ... -1. -1.  1.]
  [-1. -1. -1. ... -1. -1.  1.]
  ...
  [ 1.  1.  1. ...  1.  1. -1.]
  [ 1.  1.  1. ...  1.  1. -1.]
  [-1. -1. -1. ... -1. -1.  1.]]

 ...

 [[-1.  1.  1. ... -1.  1. -1.]
  [ 1. -1. -1. ...  1. -1.  1.]
  [ 1. -1. -1. ...  1. -1.  1.]
  ...
  [-1.  1.  1. ... -1.  1. -1.]
  [-1.  1.  1. ... -1.  1. -1.]
  [ 1. -1. -1. ...  1. -1.  1.]]

 [[ 1. -1.  1. ...  1.  1. -1.]
  [-1.  1. -1. ... -1. -1.  1.]
  [-1.  1. -1. ... -1. -1.  1.]
  ...
  [ 1. -1.  1. ...  1.  1. -1.]
  [ 1. -1.  1. ...  1.  1. -1.]
  [-1.  1. -1. ... -1. -1.  1.]]

 [[ 1.  1.  1. ...  1.  1.  1.]
  [-1. -1. -1. ... -1. -1. -1.]
  [-1. -1. -1. ... -1. -1. -1.]
  ...
  [ 1.  1.  1. ...  1.  1.  1.]
  [ 1.  1.  1. ...  1.  1.  1.]
  [-1. -1. -1. ... -1. -1. -1.]]]"
2,world premium penetration in 2020,"[[[ 1.  1.  1. ...  1. -1. -1.]
  [ 1.  1.  1. ...  1. -1. -1.]
  [ 1.  1.  1. ...  1. -1. -1.]
  ...
  [-1. -1. -1. ... -1.  1.  1.]
  [ 1.  1.  1. ...  1. -1. -1.]
  [-1. -1. -1. ... -1.  1.  1.]]

 [[ 1. -1. -1. ...  1.  1. -1.]
  [ 1. -1. -1. ...  1.  1. -1.]
  [ 1. -1. -1. ...  1.  1. -1.]
  ...
  [-1.  1.  1. ... -1. -1.  1.]
  [ 1. -1. -1. ...  1.  1. -1.]
  [-1.  1.  1. ... -1. -1.  1.]]

 [[ 1.  1.  1. ...  1.  1. -1.]
  [ 1.  1.  1. ...  1.  1. -1.]
  [ 1.  1.  1. ...  1.  1. -1.]
  ...
  [-1. -1. -1. ... -1. -1.  1.]
  [ 1.  1.  1. ...  1.  1. -1.]
  [-1. -1. -1. ... -1. -1.  1.]]

 ...

 [[-1.  1.  1. ... -1.  1. -1.]
  [-1.  1.  1. ... -1.  1. -1.]
  [-1.  1.  1. ... -1.  1. -1.]
  ...
  [ 1. -1. -1. ...  1. -1.  1.]
  [-1.  1.  1. ... -1.  1. -1.]
  [ 1. -1. -1. ...  1. -1.  1.]]

 [[ 1. -1.  1. ...  1.  1. -1.]
  [ 1. -1.  1. ...  1.  1. -1.]
  [ 1. -1.  1. ...  1.  1. -1.]
  ...
  [-1.  1. -1. ... -1. -1.  1.]
  [ 1. -1.  1. ...  1.  1. -1.]
  [-1.  1. -1. ... -1. -1.  1.]]

 [[ 1.  1.  1. ...  1.  1.  1.]
  [ 1.  1.  1. ...  1.  1.  1.]
  [ 1.  1.  1. ...  1.  1.  1.]
  ...
  [-1. -1. -1. ... -1. -1. -1.]
  [ 1.  1.  1. ...  1.  1.  1.]
  [-1. -1. -1. ... -1. -1. -1.]]]"
3,How does the forecasted insurance premium penetration in country trend compare to its peers?,"[[[ 1.  1.  1. ...  1. -1. -1.]
  [ 1.  1.  1. ...  1. -1. -1.]
  [ 1.  1.  1. ...  1. -1. -1.]
  ...
  [ 1.  1.  1. ...  1. -1. -1.]
  [ 1.  1.  1. ...  1. -1. -1.]
  [-1. -1. -1. ... -1.  1.  1.]]

 [[ 1. -1. -1. ...  1.  1. -1.]
  [ 1. -1. -1. ...  1.  1. -1.]
  [ 1. -1. -1. ...  1.  1. -1.]
  ...
  [ 1. -1. -1. ...  1.  1. -1.]
  [ 1. -1. -1. ...  1.  1. -1.]
  [-1.  1.  1. ... -1. -1.  1.]]

 [[ 1.  1.  1. ... -1.  1. -1.]
  [ 1.  1.  1. ... -1.  1. -1.]
  [ 1.  1.  1. ... -1.  1. -1.]
  ...
  [ 1.  1.  1. ... -1.  1. -1.]
  [ 1.  1.  1. ... -1.  1. -1.]
  [-1. -1. -1. ...  1. -1.  1.]]

 ...

 [[-1.  1.  1. ... -1.  1. -1.]
  [-1.  1.  1. ... -1.  1. -1.]
  [-1.  1.  1. ... -1.  1. -1.]
  ...
  [-1.  1.  1. ... -1.  1. -1.]
  [-1.  1.  1. ... -1.  1. -1.]
  [ 1. -1. -1. ...  1. -1.  1.]]

 [[ 1. -1.  1. ...  1.  1. -1.]
  [ 1. -1.  1. ...  1.  1. -1.]
  [ 1. -1.  1. ...  1.  1. -1.]
  ...
  [ 1. -1.  1. ...  1.  1. -1.]
  [ 1. -1.  1. ...  1.  1. -1.]
  [-1.  1. -1. ... -1. -1.  1.]]

 [[ 1.  1.  1. ...  1.  1.  1.]
  [ 1.  1.  1. ...  1.  1.  1.]
  [ 1.  1.  1. ...  1.  1.  1.]
  ...
  [ 1.  1.  1. ...  1.  1.  1.]
  [ 1.  1.  1. ...  1.  1.  1.]
  [-1. -1. -1. ... -1. -1. -1.]]]"
4,what are the total losses for companies in country  non life market?,"[[[ 1.  1.  1. ...  1. -1. -1.]
  [ 1.  1.  1. ...  1. -1. -1.]
  [ 1.  1.  1. ...  1. -1. -1.]
  ...
  [ 1.  1.  1. ...  1. -1. -1.]
  [ 1.  1.  1. ...  1. -1. -1.]
  [-1. -1. -1. ... -1.  1.  1.]]

 [[ 1. -1. -1. ...  1.  1. -1.]
  [ 1. -1. -1. ...  1.  1. -1.]
  [ 1. -1. -1. ...  1.  1. -1.]
  ...
  [ 1. -1. -1. ...  1.  1. -1.]
  [ 1. -1. -1. ...  1.  1. -1.]
  [-1.  1.  1. ... -1. -1.  1.]]

 [[ 1.  1.  1. ... -1.  1. -1.]
  [ 1.  1.  1. ... -1.  1. -1.]
  [ 1.  1.  1. ... -1.  1. -1.]
  ...
  [ 1.  1.  1. ... -1.  1. -1.]
  [ 1.  1.  1. ... -1.  1. -1.]
  [-1. -1. -1. ...  1. -1.  1.]]

 ...

 [[-1.  1.  1. ... -1.  1. -1.]
  [-1.  1.  1. ... -1.  1. -1.]
  [-1.  1.  1. ... -1.  1. -1.]
  ...
  [-1.  1.  1. ... -1.  1. -1.]
  [-1.  1.  1. ... -1.  1. -1.]
  [ 1. -1. -1. ...  1. -1.  1.]]

 [[ 1. -1.  1. ...  1.  1. -1.]
  [ 1. -1.  1. ...  1.  1. -1.]
  [ 1. -1.  1. ...  1.  1. -1.]
  ...
  [ 1. -1.  1. ...  1.  1. -1.]
  [ 1. -1.  1. ...  1.  1. -1.]
  [-1.  1. -1. ... -1. -1.  1.]]

 [[ 1.  1.  1. ...  1.  1.  1.]
  [ 1.  1.  1. ...  1.  1.  1.]
  [ 1.  1.  1. ...  1.  1.  1.]
  ...
  [ 1.  1.  1. ...  1.  1.  1.]
  [ 1.  1.  1. ...  1.  1.  1.]
  [-1. -1. -1. ... -1. -1. -1.]]]"
5,Insurance premiums market in Country,"[[[-1. -1. -1. ... -1.  1.  1.]
  [-1. -1. -1. ... -1.  1.  1.]
  [-1. -1. -1. ... -1.  1.  1.]
  ...
  [ 1.  1.  1. ...  1. -1. -1.]
  [ 1.  1.  1. ...  1. -1. -1.]
  [-1. -1. -1. ... -1.  1.  1.]]

 [[-1.  1.  1. ... -1. -1.  1.]
  [-1.  1.  1. ... -1. -1.  1.]
  [-1.  1.  1. ... -1. -1.  1.]
  ...
  [ 1. -1. -1. ...  1.  1. -1.]
  [ 1. -1. -1. ...  1.  1. -1.]
  [-1.  1.  1. ... -1. -1.  1.]]

 [[-1. -1. -1. ...  1. -1.  1.]
  [-1. -1. -1. ...  1. -1.  1.]
  [-1. -1. -1. ...  1. -1.  1.]
  ...
  [ 1.  1.  1. ... -1.  1. -1.]
  [ 1.  1.  1. ... -1.  1. -1.]
  [-1. -1. -1. ...  1. -1.  1.]]

 ...

 [[ 1. -1. -1. ...  1. -1.  1.]
  [ 1. -1. -1. ...  1. -1.  1.]
  [ 1. -1. -1. ...  1. -1.  1.]
  ...
  [-1.  1.  1. ... -1.  1. -1.]
  [-1.  1.  1. ... -1.  1. -1.]
  [ 1. -1. -1. ...  1. -1.  1.]]

 [[-1.  1. -1. ... -1. -1.  1.]
  [-1.  1. -1. ... -1. -1.  1.]
  [-1.  1. -1. ... -1. -1.  1.]
  ...
  [ 1. -1.  1. ...  1.  1. -1.]
  [ 1. -1.  1. ...  1.  1. -1.]
  [-1.  1. -1. ... -1. -1.  1.]]

 [[-1. -1. -1. ... -1. -1. -1.]
  [-1. -1. -1. ... -1. -1. -1.]
  [-1. -1. -1. ... -1. -1. -1.]
  ...
  [ 1.  1.  1. ...  1.  1.  1.]
  [ 1.  1.  1. ...  1.  1.  1.]
  [-1. -1. -1. ... -1. -1. -1.]]]"
6,"How have the profit margins been for the airlines industry through the years, by regions?","[[[-1. -1. -1. ... -1.  1.  1.]
  [ 1.  1.  1. ...  1. -1. -1.]
  [-1. -1. -1. ... -1.  1.  1.]
  ...
  [ 1.  1.  1. ...  1. -1. -1.]
  [ 1.  1.  1. ...  1. -1. -1.]
  [-1. -1. -1. ... -1.  1.  1.]]

 [[-1.  1.  1. ... -1. -1.  1.]
  [ 1. -1. -1. ...  1.  1. -1.]
  [-1.  1.  1. ... -1. -1.  1.]
  ...
  [ 1. -1. -1. ...  1.  1. -1.]
  [ 1. -1. -1. ...  1.  1. -1.]
  [-1.  1.  1. ... -1. -1.  1.]]

 [[-1. -1. -1. ...  1. -1.  1.]
  [ 1.  1.  1. ... -1.  1. -1.]
  [-1. -1. -1. ...  1. -1.  1.]
  ...
  [ 1.  1.  1. ... -1.  1. -1.]
  [ 1.  1.  1. ... -1.  1. -1.]
  [-1. -1. -1. ...  1. -1.  1.]]

 ...

 [[ 1. -1. -1. ...  1. -1.  1.]
  [-1.  1.  1. ... -1.  1. -1.]
  [ 1. -1. -1. ...  1. -1.  1.]
  ...
  [-1.  1.  1. ... -1.  1. -1.]
  [-1.  1.  1. ... -1.  1. -1.]
  [ 1. -1. -1. ...  1. -1.  1.]]

 [[-1.  1. -1. ... -1. -1.  1.]
  [ 1. -1.  1. ...  1.  1. -1.]
  [-1.  1. -1. ... -1. -1.  1.]
  ...
  [ 1. -1.  1. ...  1.  1. -1.]
  [ 1. -1.  1. ...  1.  1. -1.]
  [-1.  1. -1. ... -1. -1.  1.]]

 [[-1. -1. -1. ... -1. -1. -1.]
  [ 1.  1.  1. ...  1.  1.  1.]
  [-1. -1. -1. ... -1. -1. -1.]
  ...
  [ 1.  1.  1. ...  1.  1.  1.]
  [ 1.  1.  1. ...  1.  1.  1.]
  [-1. -1. -1. ... -1. -1. -1.]]]"
7,What is the complete profile of the top oil rigs?,"[[[-1. -1. -1. ... -1.  1.  1.]
  [ 1.  1.  1. ...  1. -1. -1.]
  [-1. -1. -1. ... -1.  1.  1.]
  ...
  [ 1.  1.  1. ...  1. -1. -1.]
  [ 1.  1.  1. ...  1. -1. -1.]
  [-1. -1. -1. ... -1.  1.  1.]]

 [[-1.  1.  1. ... -1. -1.  1.]
  [ 1. -1. -1. ...  1.  1. -1.]
  [-1.  1.  1. ... -1. -1.  1.]
  ...
  [ 1. -1. -1. ...  1.  1. -1.]
  [ 1. -1. -1. ...  1.  1. -1.]
  [-1.  1.  1. ... -1. -1.  1.]]

 [[-1. -1. -1. ...  1. -1.  1.]
  [ 1.  1.  1. ... -1.  1. -1.]
  [-1. -1. -1. ...  1. -1.  1.]
  ...
  [ 1.  1.  1. ... -1.  1. -1.]
  [ 1.  1.  1. ... -1.  1. -1.]
  [-1. -1. -1. ...  1. -1.  1.]]

 ...

 [[ 1. -1. -1. ...  1. -1.  1.]
  [-1.  1.  1. ... -1.  1. -1.]
  [ 1. -1. -1. ...  1. -1.  1.]
  ...
  [-1.  1.  1. ... -1.  1. -1.]
  [-1.  1.  1. ... -1.  1. -1.]
  [ 1. -1. -1. ...  1. -1.  1.]]

 [[-1.  1. -1. ... -1. -1.  1.]
  [ 1. -1.  1. ...  1.  1. -1.]
  [-1.  1. -1. ... -1. -1.  1.]
  ...
  [ 1. -1.  1. ...  1.  1. -1.]
  [ 1. -1.  1. ...  1.  1. -1.]
  [-1.  1. -1. ... -1. -1.  1.]]

 [[-1. -1. -1. ... -1. -1. -1.]
  [ 1.  1.  1. ...  1.  1.  1.]
  [-1. -1. -1. ... -1. -1. -1.]
  ...
  [ 1.  1.  1. ...  1.  1.  1.]
  [ 1.  1.  1. ...  1.  1.  1.]
  [-1. -1. -1. ... -1. -1. -1.]]]"
8,what is company general information?,"[[[ 1.  1.  1. ...  1. -1. -1.]
  [-1. -1. -1. ... -1.  1.  1.]
  [ 1.  1.  1. ...  1. -1. -1.]
  ...
  [ 1.  1.  1. ...  1. -1. -1.]
  [ 1.  1.  1. ...  1. -1. -1.]
  [-1. -1. -1. ... -1.  1.  1.]]

 [[ 1. -1. -1. ...  1.  1. -1.]
  [-1.  1.  1. ... -1. -1.  1.]
  [ 1. -1. -1. ...  1.  1. -1.]
  ...
  [ 1. -1. -1. ...  1.  1. -1.]
  [ 1. -1. -1. ...  1.  1. -1.]
  [-1.  1.  1. ... -1. -1.  1.]]

 [[ 1.  1.  1. ... -1.  1. -1.]
  [-1. -1. -1. ...  1. -1.  1.]
  [ 1.  1.  1. ... -1.  1. -1.]
  ...
  [ 1.  1.  1. ... -1.  1. -1.]
  [ 1.  1.  1. ... -1.  1. -1.]
  [-1. -1. -1. ...  1. -1.  1.]]

 ...

 [[-1.  1.  1. ... -1.  1. -1.]
  [ 1. -1. -1. ...  1. -1.  1.]
  [-1.  1.  1. ... -1.  1. -1.]
  ...
  [-1.  1.  1. ... -1.  1. -1.]
  [-1.  1.  1. ... -1.  1. -1.]
  [ 1. -1. -1. ...  1. -1.  1.]]

 [[ 1. -1.  1. ...  1.  1. -1.]
  [-1.  1. -1. ... -1. -1.  1.]
  [ 1. -1.  1. ...  1.  1. -1.]
  ...
  [ 1. -1.  1. ...  1.  1. -1.]
  [ 1. -1.  1. ...  1.  1. -1.]
  [-1.  1. -1. ... -1. -1.  1.]]

 [[ 1.  1.  1. ...  1.  1.  1.]
  [-1. -1. -1. ... -1. -1. -1.]
  [ 1.  1.  1. ...  1.  1.  1.]
  ...
  [ 1.  1.  1. ...  1.  1.  1.]
  [ 1.  1.  1. ...  1.  1.  1.]
  [-1. -1. -1. ... -1. -1. -1.]]]"
9,How is the airline industry performing globally?,"[[[ 1.  1.  1. ...  1. -1. -1.]
  [-1. -1. -1. ... -1.  1.  1.]
  [ 1.  1.  1. ...  1. -1. -1.]
  ...
  [ 1.  1.  1. ...  1. -1. -1.]
  [ 1.  1.  1. ...  1. -1. -1.]
  [-1. -1. -1. ... -1.  1.  1.]]

 [[ 1. -1. -1. ...  1.  1. -1.]
  [-1.  1.  1. ... -1. -1.  1.]
  [ 1. -1. -1. ...  1.  1. -1.]
  ...
  [ 1. -1. -1. ...  1.  1. -1.]
  [ 1. -1. -1. ...  1.  1. -1.]
  [-1.  1.  1. ... -1. -1.  1.]]

 [[ 1.  1.  1. ... -1.  1. -1.]
  [-1. -1. -1. ...  1. -1.  1.]
  [ 1.  1.  1. ... -1.  1. -1.]
  ...
  [ 1.  1.  1. ... -1.  1. -1.]
  [ 1.  1.  1. ... -1.  1. -1.]
  [-1. -1. -1. ...  1. -1.  1.]]

 ...

 [[-1.  1.  1. ... -1.  1. -1.]
  [ 1. -1. -1. ...  1. -1.  1.]
  [-1.  1.  1. ... -1.  1. -1.]
  ...
  [-1.  1.  1. ... -1.  1. -1.]
  [-1.  1.  1. ... -1.  1. -1.]
  [ 1. -1. -1. ...  1. -1.  1.]]

 [[ 1. -1.  1. ...  1.  1. -1.]
  [-1.  1. -1. ... -1. -1.  1.]
  [ 1. -1.  1. ...  1.  1. -1.]
  ...
  [ 1. -1.  1. ...  1.  1. -1.]
  [ 1. -1.  1. ...  1.  1. -1.]
  [-1.  1. -1. ... -1. -1.  1.]]

 [[ 1.  1.  1. ...  1.  1.  1.]
  [-1. -1. -1. ... -1. -1. -1.]
  [ 1.  1.  1. ...  1.  1.  1.]
  ...
  [ 1.  1.  1. ...  1.  1.  1.]
  [ 1.  1.  1. ...  1.  1.  1.]
  [-1. -1. -1. ... -1. -1. -1.]]]"
10,how does economic profit for in country compare to others?,"[[[ 1.  1.  1. ...  1. -1. -1.]
  [ 1.  1.  1. ...  1. -1. -1.]
  [ 1.  1.  1. ...  1. -1. -1.]
  ...
  [-1. -1. -1. ... -1.  1.  1.]
  [-1. -1. -1. ... -1.  1.  1.]
  [-1. -1. -1. ... -1.  1.  1.]]

 [[ 1. -1. -1. ...  1.  1. -1.]
  [ 1. -1. -1. ...  1.  1. -1.]
  [ 1. -1. -1. ...  1.  1. -1.]
  ...
  [-1.  1.  1. ... -1. -1.  1.]
  [-1.  1.  1. ... -1. -1.  1.]
  [-1.  1.  1. ... -1. -1.  1.]]

 [[ 1.  1.  1. ... -1.  1. -1.]
  [ 1.  1.  1. ... -1.  1. -1.]
  [ 1.  1.  1. ... -1.  1. -1.]
  ...
  [-1. -1. -1. ...  1. -1.  1.]
  [-1. -1. -1. ...  1. -1.  1.]
  [-1. -1. -1. ...  1. -1.  1.]]

 ...

 [[-1.  1.  1. ... -1.  1. -1.]
  [-1.  1.  1. ... -1.  1. -1.]
  [-1.  1.  1. ... -1.  1. -1.]
  ...
  [ 1. -1. -1. ...  1. -1.  1.]
  [ 1. -1. -1. ...  1. -1.  1.]
  [ 1. -1. -1. ...  1. -1.  1.]]

 [[ 1. -1.  1. ...  1.  1. -1.]
  [ 1. -1.  1. ...  1.  1. -1.]
  [ 1. -1.  1. ...  1.  1. -1.]
  ...
  [-1.  1. -1. ... -1. -1.  1.]
  [-1.  1. -1. ... -1. -1.  1.]
  [-1.  1. -1. ... -1. -1.  1.]]

 [[ 1.  1.  1. ...  1.  1.  1.]
  [ 1.  1.  1. ...  1.  1.  1.]
  [ 1.  1.  1. ...  1.  1.  1.]
  ...
  [-1. -1. -1. ... -1. -1. -1.]
  [-1. -1. -1. ... -1. -1. -1.]
  [-1. -1. -1. ... -1. -1. -1.]]]"
11,most profitable insurance company India,"[[[-1. -1. -1. ... -1.  1.  1.]
  [-1. -1. -1. ... -1.  1.  1.]
  [ 1.  1.  1. ...  1. -1. -1.]
  ...
  [ 1.  1.  1. ...  1. -1. -1.]
  [ 1.  1.  1. ...  1. -1. -1.]
  [-1. -1. -1. ... -1.  1.  1.]]

 [[-1.  1.  1. ... -1. -1.  1.]
  [-1.  1.  1. ... -1. -1.  1.]
  [ 1. -1. -1. ...  1.  1. -1.]
  ...
  [ 1. -1. -1. ...  1.  1. -1.]
  [ 1. -1. -1. ...  1.  1. -1.]
  [-1.  1.  1. ... -1. -1.  1.]]

 [[-1. -1. -1. ...  1. -1.  1.]
  [-1. -1. -1. ...  1. -1.  1.]
  [ 1.  1.  1. ... -1.  1. -1.]
  ...
  [ 1.  1.  1. ... -1.  1. -1.]
  [ 1.  1.  1. ... -1.  1. -1.]
  [-1. -1. -1. ...  1. -1.  1.]]

 ...

 [[ 1. -1. -1. ...  1. -1.  1.]
  [ 1. -1. -1. ...  1. -1.  1.]
  [-1.  1.  1. ... -1.  1. -1.]
  ...
  [-1.  1.  1. ... -1.  1. -1.]
  [-1.  1.  1. ... -1.  1. -1.]
  [ 1. -1. -1. ...  1. -1.  1.]]

 [[-1.  1. -1. ... -1. -1.  1.]
  [-1.  1. -1. ... -1. -1.  1.]
  [ 1. -1.  1. ...  1.  1. -1.]
  ...
  [ 1. -1.  1. ...  1.  1. -1.]
  [ 1. -1.  1. ...  1.  1. -1.]
  [-1.  1. -1. ... -1. -1.  1.]]

 [[-1. -1. -1. ... -1. -1. -1.]
  [-1. -1. -1. ... -1. -1. -1.]
  [ 1.  1.  1. ...  1.  1.  1.]
  ...
  [ 1.  1.  1. ...  1.  1.  1.]
  [ 1.  1.  1. ...  1.  1.  1.]
  [-1. -1. -1. ... -1. -1. -1.]]]"
12,Give me a detailed breakup of the income and expenses in South-East Asia,"[[[ 1.  1.  1. ...  1. -1. -1.]
  [ 1.  1.  1. ...  1. -1. -1.]
  [-1. -1. -1. ... -1.  1.  1.]
  ...
  [ 1.  1.  1. ...  1. -1. -1.]
  [ 1.  1.  1. ...  1. -1. -1.]
  [-1. -1. -1. ... -1.  1.  1.]]

 [[ 1. -1. -1. ...  1.  1. -1.]
  [ 1. -1. -1. ...  1.  1. -1.]
  [-1.  1.  1. ... -1. -1.  1.]
  ...
  [ 1. -1. -1. ...  1.  1. -1.]
  [ 1. -1. -1. ...  1.  1. -1.]
  [-1.  1.  1. ... -1. -1.  1.]]

 [[ 1.  1.  1. ... -1.  1. -1.]
  [ 1.  1.  1. ... -1.  1. -1.]
  [-1. -1. -1. ...  1. -1.  1.]
  ...
  [ 1.  1.  1. ... -1.  1. -1.]
  [ 1.  1.  1. ... -1.  1. -1.]
  [-1. -1. -1. ...  1. -1.  1.]]

 ...

 [[-1.  1.  1. ... -1.  1. -1.]
  [-1.  1.  1. ... -1.  1. -1.]
  [ 1. -1. -1. ...  1. -1.  1.]
  ...
  [-1.  1.  1. ... -1.  1. -1.]
  [-1.  1.  1. ... -1.  1. -1.]
  [ 1. -1. -1. ...  1. -1.  1.]]

 [[ 1. -1.  1. ...  1.  1. -1.]
  [ 1. -1.  1. ...  1.  1. -1.]
  [-1.  1. -1. ... -1. -1.  1.]
  ...
  [ 1. -1.  1. ...  1.  1. -1.]
  [ 1. -1.  1. ...  1.  1. -1.]
  [-1.  1. -1. ... -1. -1.  1.]]

 [[ 1.  1.  1. ...  1.  1.  1.]
  [ 1.  1.  1. ...  1.  1.  1.]
  [-1. -1. -1. ... -1. -1. -1.]
  ...
  [ 1.  1.  1. ...  1.  1.  1.]
  [ 1.  1.  1. ...  1.  1.  1.]
  [-1. -1. -1. ... -1. -1. -1.]]]"
13,Show me all the oil rigs in the world,"[[[ 1.  1.  1. ...  1. -1. -1.]
  [ 1.  1.  1. ...  1. -1. -1.]
  [-1. -1. -1. ... -1.  1.  1.]
  ...
  [ 1.  1.  1. ...  1. -1. -1.]
  [ 1.  1.  1. ...  1. -1. -1.]
  [-1. -1. -1. ... -1.  1.  1.]]

 [[ 1. -1. -1. ...  1.  1. -1.]
  [ 1. -1. -1. ...  1.  1. -1.]
  [-1.  1.  1. ... -1. -1.  1.]
  ...
  [ 1. -1. -1. ...  1.  1. -1.]
  [ 1. -1. -1. ...  1.  1. -1.]
  [-1.  1.  1. ... -1. -1.  1.]]

 [[ 1.  1.  1. ... -1.  1. -1.]
  [ 1.  1.  1. ... -1.  1. -1.]
  [-1. -1. -1. ...  1. -1.  1.]
  ...
  [ 1.  1.  1. ... -1.  1. -1.]
  [ 1.  1.  1. ... -1.  1. -1.]
  [-1. -1. -1. ...  1. -1.  1.]]

 ...

 [[-1.  1.  1. ... -1.  1. -1.]
  [-1.  1.  1. ... -1.  1. -1.]
  [ 1. -1. -1. ...  1. -1.  1.]
  ...
  [-1.  1.  1. ... -1.  1. -1.]
  [-1.  1.  1. ... -1.  1. -1.]
  [ 1. -1. -1. ...  1. -1.  1.]]

 [[ 1. -1.  1. ...  1.  1. -1.]
  [ 1. -1.  1. ...  1.  1. -1.]
  [-1.  1. -1. ... -1. -1.  1.]
  ...
  [ 1. -1.  1. ...  1.  1. -1.]
  [ 1. -1.  1. ...  1.  1. -1.]
  [-1.  1. -1. ... -1. -1.  1.]]

 [[ 1.  1.  1. ...  1.  1.  1.]
  [ 1.  1.  1. ...  1.  1.  1.]
  [-1. -1. -1. ... -1. -1. -1.]
  ...
  [ 1.  1.  1. ...  1.  1.  1.]
  [ 1.  1.  1. ...  1.  1.  1.]
  [-1. -1. -1. ... -1. -1. -1.]]]"
14,What were the premiums earned by the Indian insurance industry in 2020?,"[[[ 1.  1.  1. ...  1. -1. -1.]
  [ 1.  1.  1. ...  1. -1. -1.]
  [ 1.  1.  1. ...  1. -1. -1.]
  ...
  [ 1.  1.  1. ...  1. -1. -1.]
  [ 1.  1.  1. ...  1. -1. -1.]
  [-1. -1. -1. ... -1.  1.  1.]]

 [[ 1. -1. -1. ...  1.  1. -1.]
  [ 1. -1. -1. ...  1.  1. -1.]
  [ 1. -1. -1. ...  1.  1. -1.]
  ...
  [ 1. -1. -1. ...  1.  1. -1.]
  [ 1. -1. -1. ...  1.  1. -1.]
  [-1.  1.  1. ... -1. -1.  1.]]

 [[ 1.  1.  1. ... -1.  1. -1.]
  [ 1.  1.  1. ... -1.  1. -1.]
  [ 1.  1.  1. ... -1.  1. -1.]
  ...
  [ 1.  1.  1. ... -1.  1. -1.]
  [ 1.  1.  1. ... -1.  1. -1.]
  [-1. -1. -1. ...  1. -1.  1.]]

 ...

 [[-1.  1.  1. ... -1.  1. -1.]
  [-1.  1.  1. ... -1.  1. -1.]
  [-1.  1.  1. ... -1.  1. -1.]
  ...
  [-1.  1.  1. ... -1.  1. -1.]
  [-1.  1.  1. ... -1.  1. -1.]
  [ 1. -1. -1. ...  1. -1.  1.]]

 [[ 1. -1.  1. ...  1.  1. -1.]
  [ 1. -1.  1. ...  1.  1. -1.]
  [ 1. -1.  1. ...  1.  1. -1.]
  ...
  [ 1. -1.  1. ...  1.  1. -1.]
  [ 1. -1.  1. ...  1.  1. -1.]
  [-1.  1. -1. ... -1. -1.  1.]]

 [[ 1.  1.  1. ...  1.  1.  1.]
  [ 1.  1.  1. ...  1.  1.  1.]
  [ 1.  1.  1. ...  1.  1.  1.]
  ...
  [ 1.  1.  1. ...  1.  1.  1.]
  [ 1.  1.  1. ...  1.  1.  1.]
  [-1. -1. -1. ... -1. -1. -1.]]]"
15,How much have premiums grown as compared to claims for India?,"[[[ 1.  1.  1. ...  1. -1. -1.]
  [ 1.  1.  1. ...  1. -1. -1.]
  [-1. -1. -1. ... -1.  1.  1.]
  ...
  [-1. -1. -1. ... -1.  1.  1.]
  [ 1.  1.  1. ...  1. -1. -1.]
  [-1. -1. -1. ... -1.  1.  1.]]

 [[ 1. -1. -1. ...  1.  1. -1.]
  [ 1. -1. -1. ...  1.  1. -1.]
  [-1.  1.  1. ... -1. -1.  1.]
  ...
  [-1.  1.  1. ... -1. -1.  1.]
  [ 1. -1. -1. ...  1.  1. -1.]
  [-1.  1.  1. ... -1. -1.  1.]]

 [[ 1.  1.  1. ... -1.  1. -1.]
  [ 1.  1.  1. ... -1.  1. -1.]
  [-1. -1. -1. ...  1. -1.  1.]
  ...
  [-1. -1. -1. ...  1. -1.  1.]
  [ 1.  1.  1. ... -1.  1. -1.]
  [-1. -1. -1. ...  1. -1.  1.]]

 ...

 [[-1.  1.  1. ... -1.  1. -1.]
  [-1.  1.  1. ... -1.  1. -1.]
  [ 1. -1. -1. ...  1. -1.  1.]
  ...
  [ 1. -1. -1. ...  1. -1.  1.]
  [-1.  1.  1. ... -1.  1. -1.]
  [ 1. -1. -1. ...  1. -1.  1.]]

 [[ 1. -1.  1. ...  1.  1. -1.]
  [ 1. -1.  1. ...  1.  1. -1.]
  [-1.  1. -1. ... -1. -1.  1.]
  ...
  [-1.  1. -1. ... -1. -1.  1.]
  [ 1. -1.  1. ...  1.  1. -1.]
  [-1.  1. -1. ... -1. -1.  1.]]

 [[ 1.  1.  1. ...  1.  1.  1.]
  [ 1.  1.  1. ...  1.  1.  1.]
  [-1. -1. -1. ... -1. -1. -1.]
  ...
  [-1. -1. -1. ... -1. -1. -1.]
  [ 1.  1.  1. ...  1.  1.  1.]
  [-1. -1. -1. ... -1. -1. -1.]]]"
16,Which are the best performing insurance firms in India?,"[[[-1. -1. -1. ... -1.  1.  1.]
  [ 1.  1.  1. ...  1. -1. -1.]
  [ 1.  1.  1. ...  1. -1. -1.]
  ...
  [ 1.  1.  1. ...  1. -1. -1.]
  [ 1.  1.  1. ...  1. -1. -1.]
  [ 1.  1.  1. ...  1. -1. -1.]]

 [[-1.  1.  1. ... -1. -1.  1.]
  [ 1. -1. -1. ...  1.  1. -1.]
  [ 1. -1. -1. ...  1.  1. -1.]
  ...
  [ 1. -1. -1. ...  1.  1. -1.]
  [ 1. -1. -1. ...  1.  1. -1.]
  [ 1. -1. -1. ...  1.  1. -1.]]

 [[-1. -1. -1. ...  1. -1.  1.]
  [ 1.  1.  1. ... -1.  1. -1.]
  [ 1.  1.  1. ... -1.  1. -1.]
  ...
  [ 1.  1.  1. ... -1.  1. -1.]
  [ 1.  1.  1. ... -1.  1. -1.]
  [ 1.  1.  1. ... -1.  1. -1.]]

 ...

 [[ 1. -1. -1. ...  1. -1.  1.]
  [-1.  1.  1. ... -1.  1. -1.]
  [-1.  1.  1. ... -1.  1. -1.]
  ...
  [-1.  1.  1. ... -1.  1. -1.]
  [-1.  1.  1. ... -1.  1. -1.]
  [-1.  1.  1. ... -1.  1. -1.]]

 [[-1.  1. -1. ... -1. -1.  1.]
  [ 1. -1.  1. ...  1.  1. -1.]
  [ 1. -1.  1. ...  1.  1. -1.]
  ...
  [ 1. -1.  1. ...  1.  1. -1.]
  [ 1. -1.  1. ...  1.  1. -1.]
  [ 1. -1.  1. ...  1.  1. -1.]]

 [[-1. -1. -1. ... -1. -1. -1.]
  [ 1.  1.  1. ...  1.  1.  1.]
  [ 1.  1.  1. ...  1.  1.  1.]
  ...
  [ 1.  1.  1. ...  1.  1.  1.]
  [ 1.  1.  1. ...  1.  1.  1.]
  [ 1.  1.  1. ...  1.  1.  1.]]]"
17,What is the ROE of the Indian market?,"[[[-1. -1. -1. ... -1.  1.  1.]
  [ 1.  1.  1. ...  1. -1. -1.]
  [ 1.  1.  1. ...  1. -1. -1.]
  ...
  [ 1.  1.  1. ...  1. -1. -1.]
  [ 1.  1.  1. ...  1. -1. -1.]
  [-1. -1. -1. ... -1.  1.  1.]]

 [[-1.  1.  1. ... -1. -1.  1.]
  [ 1. -1. -1. ...  1.  1. -1.]
  [ 1. -1. -1. ...  1.  1. -1.]
  ...
  [ 1. -1. -1. ...  1.  1. -1.]
  [ 1. -1. -1. ...  1.  1. -1.]
  [-1.  1.  1. ... -1. -1.  1.]]

 [[-1. -1. -1. ...  1. -1.  1.]
  [ 1.  1.  1. ... -1.  1. -1.]
  [ 1.  1.  1. ... -1.  1. -1.]
  ...
  [ 1.  1.  1. ... -1.  1. -1.]
  [ 1.  1.  1. ... -1.  1. -1.]
  [-1. -1. -1. ...  1. -1.  1.]]

 ...

 [[ 1. -1. -1. ...  1. -1.  1.]
  [-1.  1.  1. ... -1.  1. -1.]
  [-1.  1.  1. ... -1.  1. -1.]
  ...
  [-1.  1.  1. ... -1.  1. -1.]
  [-1.  1.  1. ... -1.  1. -1.]
  [ 1. -1. -1. ...  1. -1.  1.]]

 [[-1.  1. -1. ... -1. -1.  1.]
  [ 1. -1.  1. ...  1.  1. -1.]
  [ 1. -1.  1. ...  1.  1. -1.]
  ...
  [ 1. -1.  1. ...  1.  1. -1.]
  [ 1. -1.  1. ...  1.  1. -1.]
  [-1.  1. -1. ... -1. -1.  1.]]

 [[-1. -1. -1. ... -1. -1. -1.]
  [ 1.  1.  1. ...  1.  1.  1.]
  [ 1.  1.  1. ...  1.  1.  1.]
  ...
  [ 1.  1.  1. ...  1.  1.  1.]
  [ 1.  1.  1. ...  1.  1.  1.]
  [-1. -1. -1. ... -1. -1. -1.]]]"
18,What profits were clocked by Cholamandalam in 2020?,"[[[-1. -1. -1. ... -1.  1.  1.]
  [ 1.  1.  1. ...  1. -1. -1.]
  [ 1.  1.  1. ...  1. -1. -1.]
  ...
  [ 1.  1.  1. ...  1. -1. -1.]
  [ 1.  1.  1. ...  1. -1. -1.]
  [-1. -1. -1. ... -1.  1.  1.]]

 [[-1.  1.  1. ... -1. -1.  1.]
  [ 1. -1. -1. ...  1.  1. -1.]
  [ 1. -1. -1. ...  1.  1. -1.]
  ...
  [ 1. -1. -1. ...  1.  1. -1.]
  [ 1. -1. -1. ...  1.  1. -1.]
  [-1.  1.  1. ... -1. -1.  1.]]

 [[-1. -1. -1. ...  1. -1.  1.]
  [ 1.  1.  1. ... -1.  1. -1.]
  [ 1.  1.  1. ... -1.  1. -1.]
  ...
  [ 1.  1.  1. ... -1.  1. -1.]
  [ 1.  1.  1. ... -1.  1. -1.]
  [-1. -1. -1. ...  1. -1.  1.]]

 ...

 [[ 1. -1. -1. ...  1. -1.  1.]
  [-1.  1.  1. ... -1.  1. -1.]
  [-1.  1.  1. ... -1.  1. -1.]
  ...
  [-1.  1.  1. ... -1.  1. -1.]
  [-1.  1.  1. ... -1.  1. -1.]
  [ 1. -1. -1. ...  1. -1.  1.]]

 [[-1.  1. -1. ... -1. -1.  1.]
  [ 1. -1.  1. ...  1.  1. -1.]
  [ 1. -1.  1. ...  1.  1. -1.]
  ...
  [ 1. -1.  1. ...  1.  1. -1.]
  [ 1. -1.  1. ...  1.  1. -1.]
  [-1.  1. -1. ... -1. -1.  1.]]

 [[-1. -1. -1. ... -1. -1. -1.]
  [ 1.  1.  1. ...  1.  1.  1.]
  [ 1.  1.  1. ...  1.  1.  1.]
  ...
  [ 1.  1.  1. ...  1.  1.  1.]
  [ 1.  1.  1. ...  1.  1.  1.]
  [-1. -1. -1. ... -1. -1. -1.]]]"
19,What is the premiums market share of the top 5 companies in India?,"[[[ 1.  1.  1. ...  1. -1. -1.]
  [ 1.  1.  1. ...  1. -1. -1.]
  [ 1.  1.  1. ...  1. -1. -1.]
  ...
  [ 1.  1.  1. ...  1. -1. -1.]
  [ 1.  1.  1. ...  1. -1. -1.]
  [-1. -1. -1. ... -1.  1.  1.]]

 [[ 1. -1. -1. ...  1.  1. -1.]
  [ 1. -1. -1. ...  1.  1. -1.]
  [ 1. -1. -1. ...  1.  1. -1.]
  ...
  [ 1. -1. -1. ...  1.  1. -1.]
  [ 1. -1. -1. ...  1.  1. -1.]
  [-1.  1.  1. ... -1. -1.  1.]]

 [[ 1.  1.  1. ... -1.  1. -1.]
  [ 1.  1.  1. ... -1.  1. -1.]
  [ 1.  1.  1. ... -1.  1. -1.]
  ...
  [ 1.  1.  1. ... -1.  1. -1.]
  [ 1.  1.  1. ... -1.  1. -1.]
  [-1. -1. -1. ...  1. -1.  1.]]

 ...

 [[-1.  1.  1. ... -1.  1. -1.]
  [-1.  1.  1. ... -1.  1. -1.]
  [-1.  1.  1. ... -1.  1. -1.]
  ...
  [-1.  1.  1. ... -1.  1. -1.]
  [-1.  1.  1. ... -1.  1. -1.]
  [ 1. -1. -1. ...  1. -1.  1.]]

 [[ 1. -1.  1. ...  1.  1. -1.]
  [ 1. -1.  1. ...  1.  1. -1.]
  [ 1. -1.  1. ...  1.  1. -1.]
  ...
  [ 1. -1.  1. ...  1.  1. -1.]
  [ 1. -1.  1. ...  1.  1. -1.]
  [-1.  1. -1. ... -1. -1.  1.]]

 [[ 1.  1.  1. ...  1.  1.  1.]
  [ 1.  1.  1. ...  1.  1.  1.]
  [ 1.  1.  1. ...  1.  1.  1.]
  ...
  [ 1.  1.  1. ...  1.  1.  1.]
  [ 1.  1.  1. ...  1.  1.  1.]
  [-1. -1. -1. ... -1. -1. -1.]]]"
20,How will the Brazilian insurance market perform in case of a sluggish economic scenario?,"[[[ 1.  1.  1. ...  1. -1. -1.]
  [ 1.  1.  1. ...  1. -1. -1.]
  [-1. -1. -1. ... -1.  1.  1.]
  ...
  [ 1.  1.  1. ...  1. -1. -1.]
  [ 1.  1.  1. ...  1. -1. -1.]
  [-1. -1. -1. ... -1.  1.  1.]]

 [[ 1. -1. -1. ...  1.  1. -1.]
  [ 1. -1. -1. ...  1.  1. -1.]
  [-1.  1.  1. ... -1. -1.  1.]
  ...
  [ 1. -1. -1. ...  1.  1. -1.]
  [ 1. -1. -1. ...  1.  1. -1.]
  [-1.  1.  1. ... -1. -1.  1.]]

 [[ 1.  1.  1. ... -1.  1. -1.]
  [ 1.  1.  1. ... -1.  1. -1.]
  [-1. -1. -1. ...  1. -1.  1.]
  ...
  [ 1.  1.  1. ... -1.  1. -1.]
  [ 1.  1.  1. ... -1.  1. -1.]
  [-1. -1. -1. ...  1. -1.  1.]]

 ...

 [[-1.  1.  1. ... -1.  1. -1.]
  [-1.  1.  1. ... -1.  1. -1.]
  [ 1. -1. -1. ...  1. -1.  1.]
  ...
  [-1.  1.  1. ... -1.  1. -1.]
  [-1.  1.  1. ... -1.  1. -1.]
  [ 1. -1. -1. ...  1. -1.  1.]]

 [[ 1. -1.  1. ...  1.  1. -1.]
  [ 1. -1.  1. ...  1.  1. -1.]
  [-1.  1. -1. ... -1. -1.  1.]
  ...
  [ 1. -1.  1. ...  1.  1. -1.]
  [ 1. -1.  1. ...  1.  1. -1.]
  [-1.  1. -1. ... -1. -1.  1.]]

 [[ 1.  1.  1. ...  1.  1.  1.]
  [ 1.  1.  1. ...  1.  1.  1.]
  [-1. -1. -1. ... -1. -1. -1.]
  ...
  [ 1.  1.  1. ...  1.  1.  1.]
  [ 1.  1.  1. ...  1.  1.  1.]
  [-1. -1. -1. ... -1. -1. -1.]]]"
21,Which are the main distribution channels in India?,"[[[-1. -1. -1. ... -1.  1.  1.]
  [ 1.  1.  1. ...  1. -1. -1.]
  [ 1.  1.  1. ...  1. -1. -1.]
  ...
  [ 1.  1.  1. ...  1. -1. -1.]
  [ 1.  1.  1. ...  1. -1. -1.]
  [-1. -1. -1. ... -1.  1.  1.]]

 [[-1.  1.  1. ... -1. -1.  1.]
  [ 1. -1. -1. ...  1.  1. -1.]
  [ 1. -1. -1. ...  1.  1. -1.]
  ...
  [ 1. -1. -1. ...  1.  1. -1.]
  [ 1. -1. -1. ...  1.  1. -1.]
  [-1.  1.  1. ... -1. -1.  1.]]

 [[-1. -1. -1. ...  1. -1.  1.]
  [ 1.  1.  1. ... -1.  1. -1.]
  [ 1.  1.  1. ... -1.  1. -1.]
  ...
  [ 1.  1.  1. ... -1.  1. -1.]
  [ 1.  1.  1. ... -1.  1. -1.]
  [-1. -1. -1. ...  1. -1.  1.]]

 ...

 [[ 1. -1. -1. ...  1. -1.  1.]
  [-1.  1.  1. ... -1.  1. -1.]
  [-1.  1.  1. ... -1.  1. -1.]
  ...
  [-1.  1.  1. ... -1.  1. -1.]
  [-1.  1.  1. ... -1.  1. -1.]
  [ 1. -1. -1. ...  1. -1.  1.]]

 [[-1.  1. -1. ... -1. -1.  1.]
  [ 1. -1.  1. ...  1.  1. -1.]
  [ 1. -1.  1. ...  1.  1. -1.]
  ...
  [ 1. -1.  1. ...  1.  1. -1.]
  [ 1. -1.  1. ...  1.  1. -1.]
  [-1.  1. -1. ... -1. -1.  1.]]

 [[-1. -1. -1. ... -1. -1. -1.]
  [ 1.  1.  1. ...  1.  1.  1.]
  [ 1.  1.  1. ...  1.  1.  1.]
  ...
  [ 1.  1.  1. ...  1.  1.  1.]
  [ 1.  1.  1. ...  1.  1.  1.]
  [-1. -1. -1. ... -1. -1. -1.]]]"
22,What are the risks in the motor insurance segment in India?,"[[[ 1.  1.  1. ...  1. -1. -1.]
  [ 1.  1.  1. ...  1. -1. -1.]
  [ 1.  1.  1. ...  1. -1. -1.]
  ...
  [ 1.  1.  1. ...  1. -1. -1.]
  [ 1.  1.  1. ...  1. -1. -1.]
  [-1. -1. -1. ... -1.  1.  1.]]

 [[ 1. -1. -1. ...  1.  1. -1.]
  [ 1. -1. -1. ...  1.  1. -1.]
  [ 1. -1. -1. ...  1.  1. -1.]
  ...
  [ 1. -1. -1. ...  1.  1. -1.]
  [ 1. -1. -1. ...  1.  1. -1.]
  [-1.  1.  1. ... -1. -1.  1.]]

 [[ 1.  1.  1. ... -1.  1. -1.]
  [ 1.  1.  1. ... -1.  1. -1.]
  [ 1.  1.  1. ... -1.  1. -1.]
  ...
  [ 1.  1.  1. ... -1.  1. -1.]
  [ 1.  1.  1. ... -1.  1. -1.]
  [-1. -1. -1. ...  1. -1.  1.]]

 ...

 [[-1.  1.  1. ... -1.  1. -1.]
  [-1.  1.  1. ... -1.  1. -1.]
  [-1.  1.  1. ... -1.  1. -1.]
  ...
  [-1.  1.  1. ... -1.  1. -1.]
  [-1.  1.  1. ... -1.  1. -1.]
  [ 1. -1. -1. ...  1. -1.  1.]]

 [[ 1. -1.  1. ...  1.  1. -1.]
  [ 1. -1.  1. ...  1.  1. -1.]
  [ 1. -1.  1. ...  1.  1. -1.]
  ...
  [ 1. -1.  1. ...  1.  1. -1.]
  [ 1. -1.  1. ...  1.  1. -1.]
  [-1.  1. -1. ... -1. -1.  1.]]

 [[ 1.  1.  1. ...  1.  1.  1.]
  [ 1.  1.  1. ...  1.  1.  1.]
  [ 1.  1.  1. ...  1.  1.  1.]
  ...
  [ 1.  1.  1. ...  1.  1.  1.]
  [ 1.  1.  1. ...  1.  1.  1.]
  [-1. -1. -1. ... -1. -1. -1.]]]"
23,What is the demand potential of India for insurance?,"[[[-1. -1. -1. ... -1.  1.  1.]
  [ 1.  1.  1. ...  1. -1. -1.]
  [ 1.  1.  1. ...  1. -1. -1.]
  ...
  [ 1.  1.  1. ...  1. -1. -1.]
  [ 1.  1.  1. ...  1. -1. -1.]
  [-1. -1. -1. ... -1.  1.  1.]]

 [[-1.  1.  1. ... -1. -1.  1.]
  [ 1. -1. -1. ...  1.  1. -1.]
  [ 1. -1. -1. ...  1.  1. -1.]
  ...
  [ 1. -1. -1. ...  1.  1. -1.]
  [ 1. -1. -1. ...  1.  1. -1.]
  [-1.  1.  1. ... -1. -1.  1.]]

 [[-1. -1. -1. ...  1. -1.  1.]
  [ 1.  1.  1. ... -1.  1. -1.]
  [ 1.  1.  1. ... -1.  1. -1.]
  ...
  [ 1.  1.  1. ... -1.  1. -1.]
  [ 1.  1.  1. ... -1.  1. -1.]
  [-1. -1. -1. ...  1. -1.  1.]]

 ...

 [[ 1. -1. -1. ...  1. -1.  1.]
  [-1.  1.  1. ... -1.  1. -1.]
  [-1.  1.  1. ... -1.  1. -1.]
  ...
  [-1.  1.  1. ... -1.  1. -1.]
  [-1.  1.  1. ... -1.  1. -1.]
  [ 1. -1. -1. ...  1. -1.  1.]]

 [[-1.  1. -1. ... -1. -1.  1.]
  [ 1. -1.  1. ...  1.  1. -1.]
  [ 1. -1.  1. ...  1.  1. -1.]
  ...
  [ 1. -1.  1. ...  1.  1. -1.]
  [ 1. -1.  1. ...  1.  1. -1.]
  [-1.  1. -1. ... -1. -1.  1.]]

 [[-1. -1. -1. ... -1. -1. -1.]
  [ 1.  1.  1. ...  1.  1.  1.]
  [ 1.  1.  1. ...  1.  1.  1.]
  ...
  [ 1.  1.  1. ...  1.  1.  1.]
  [ 1.  1.  1. ...  1.  1.  1.]
  [-1. -1. -1. ... -1. -1. -1.]]]"
24,How do premiums break down by lines of business in India?,"[[[ 1.  1.  1. ...  1. -1. -1.]
  [ 1.  1.  1. ...  1. -1. -1.]
  [ 1.  1.  1. ...  1. -1. -1.]
  ...
  [ 1.  1.  1. ...  1. -1. -1.]
  [-1. -1. -1. ... -1.  1.  1.]
  [-1. -1. -1. ... -1.  1.  1.]]

 [[ 1. -1. -1. ...  1.  1. -1.]
  [ 1. -1. -1. ...  1.  1. -1.]
  [ 1. -1. -1. ...  1.  1. -1.]
  ...
  [ 1. -1. -1. ...  1.  1. -1.]
  [-1.  1.  1. ... -1. -1.  1.]
  [-1.  1.  1. ... -1. -1.  1.]]

 [[ 1.  1.  1. ... -1.  1. -1.]
  [ 1.  1.  1. ... -1.  1. -1.]
  [ 1.  1.  1. ... -1.  1. -1.]
  ...
  [ 1.  1.  1. ... -1.  1. -1.]
  [-1. -1. -1. ...  1. -1.  1.]
  [-1. -1. -1. ...  1. -1.  1.]]

 ...

 [[-1.  1.  1. ... -1.  1. -1.]
  [-1.  1.  1. ... -1.  1. -1.]
  [-1.  1.  1. ... -1.  1. -1.]
  ...
  [-1.  1.  1. ... -1.  1. -1.]
  [ 1. -1. -1. ...  1. -1.  1.]
  [ 1. -1. -1. ...  1. -1.  1.]]

 [[ 1. -1.  1. ...  1.  1. -1.]
  [ 1. -1.  1. ...  1.  1. -1.]
  [ 1. -1.  1. ...  1.  1. -1.]
  ...
  [ 1. -1.  1. ...  1.  1. -1.]
  [-1.  1. -1. ... -1. -1.  1.]
  [-1.  1. -1. ... -1. -1.  1.]]

 [[ 1.  1.  1. ...  1.  1.  1.]
  [ 1.  1.  1. ...  1.  1.  1.]
  [ 1.  1.  1. ...  1.  1.  1.]
  ...
  [ 1.  1.  1. ...  1.  1.  1.]
  [-1. -1. -1. ... -1. -1. -1.]
  [-1. -1. -1. ... -1. -1. -1.]]]"
25,What is the share price of Qantas?,"[[[ 1.  1.  1. ...  1. -1. -1.]
  [ 1.  1.  1. ...  1. -1. -1.]
  [ 1.  1.  1. ...  1. -1. -1.]
  ...
  [ 1.  1.  1. ...  1. -1. -1.]
  [ 1.  1.  1. ...  1. -1. -1.]
  [-1. -1. -1. ... -1.  1.  1.]]

 [[ 1. -1. -1. ...  1.  1. -1.]
  [ 1. -1. -1. ...  1.  1. -1.]
  [ 1. -1. -1. ...  1.  1. -1.]
  ...
  [ 1. -1. -1. ...  1.  1. -1.]
  [ 1. -1. -1. ...  1.  1. -1.]
  [-1.  1.  1. ... -1. -1.  1.]]

 [[ 1.  1.  1. ... -1.  1. -1.]
  [ 1.  1.  1. ... -1.  1. -1.]
  [ 1.  1.  1. ... -1.  1. -1.]
  ...
  [ 1.  1.  1. ... -1.  1. -1.]
  [ 1.  1.  1. ... -1.  1. -1.]
  [-1. -1. -1. ...  1. -1.  1.]]

 ...

 [[-1.  1.  1. ... -1.  1. -1.]
  [-1.  1.  1. ... -1.  1. -1.]
  [-1.  1.  1. ... -1.  1. -1.]
  ...
  [-1.  1.  1. ... -1.  1. -1.]
  [-1.  1.  1. ... -1.  1. -1.]
  [ 1. -1. -1. ...  1. -1.  1.]]

 [[ 1. -1.  1. ...  1.  1. -1.]
  [ 1. -1.  1. ...  1.  1. -1.]
  [ 1. -1.  1. ...  1.  1. -1.]
  ...
  [ 1. -1.  1. ...  1.  1. -1.]
  [ 1. -1.  1. ...  1.  1. -1.]
  [-1.  1. -1. ... -1. -1.  1.]]

 [[ 1.  1.  1. ...  1.  1.  1.]
  [ 1.  1.  1. ...  1.  1.  1.]
  [ 1.  1.  1. ...  1.  1.  1.]
  ...
  [ 1.  1.  1. ...  1.  1.  1.]
  [ 1.  1.  1. ...  1.  1.  1.]
  [-1. -1. -1. ... -1. -1. -1.]]]"
26,How many passengers are carried in ?,"[[[ 1.  1.  1. ...  1. -1. -1.]
  [ 1.  1.  1. ...  1. -1. -1.]
  [ 1.  1.  1. ...  1. -1. -1.]
  ...
  [ 1.  1.  1. ...  1. -1. -1.]
  [ 1.  1.  1. ...  1. -1. -1.]
  [-1. -1. -1. ... -1.  1.  1.]]

 [[ 1. -1. -1. ...  1.  1. -1.]
  [ 1. -1. -1. ...  1.  1. -1.]
  [ 1. -1. -1. ...  1.  1. -1.]
  ...
  [ 1. -1. -1. ...  1.  1. -1.]
  [ 1. -1. -1. ...  1.  1. -1.]
  [-1.  1.  1. ... -1. -1.  1.]]

 [[ 1.  1.  1. ... -1.  1. -1.]
  [ 1.  1.  1. ... -1.  1. -1.]
  [ 1.  1.  1. ... -1.  1. -1.]
  ...
  [ 1.  1.  1. ... -1.  1. -1.]
  [ 1.  1.  1. ... -1.  1. -1.]
  [-1. -1. -1. ...  1. -1.  1.]]

 ...

 [[-1.  1.  1. ... -1.  1. -1.]
  [-1.  1.  1. ... -1.  1. -1.]
  [-1.  1.  1. ... -1.  1. -1.]
  ...
  [-1.  1.  1. ... -1.  1. -1.]
  [-1.  1.  1. ... -1.  1. -1.]
  [ 1. -1. -1. ...  1. -1.  1.]]

 [[ 1. -1.  1. ...  1.  1. -1.]
  [ 1. -1.  1. ...  1.  1. -1.]
  [ 1. -1.  1. ...  1.  1. -1.]
  ...
  [ 1. -1.  1. ...  1.  1. -1.]
  [ 1. -1.  1. ...  1.  1. -1.]
  [-1.  1. -1. ... -1. -1.  1.]]

 [[ 1.  1.  1. ...  1.  1.  1.]
  [ 1.  1.  1. ...  1.  1.  1.]
  [ 1.  1.  1. ...  1.  1.  1.]
  ...
  [ 1.  1.  1. ...  1.  1.  1.]
  [ 1.  1.  1. ...  1.  1.  1.]
  [-1. -1. -1. ... -1. -1. -1.]]]"
27,Which are the aircrafts manufactured by Boeing?,"[[[-1. -1. -1. ... -1.  1.  1.]
  [ 1.  1.  1. ...  1. -1. -1.]
  [ 1.  1.  1. ...  1. -1. -1.]
  ...
  [ 1.  1.  1. ...  1. -1. -1.]
  [ 1.  1.  1. ...  1. -1. -1.]
  [-1. -1. -1. ... -1.  1.  1.]]

 [[-1.  1.  1. ... -1. -1.  1.]
  [ 1. -1. -1. ...  1.  1. -1.]
  [ 1. -1. -1. ...  1.  1. -1.]
  ...
  [ 1. -1. -1. ...  1.  1. -1.]
  [ 1. -1. -1. ...  1.  1. -1.]
  [-1.  1.  1. ... -1. -1.  1.]]

 [[-1. -1. -1. ...  1. -1.  1.]
  [ 1.  1.  1. ... -1.  1. -1.]
  [ 1.  1.  1. ... -1.  1. -1.]
  ...
  [ 1.  1.  1. ... -1.  1. -1.]
  [ 1.  1.  1. ... -1.  1. -1.]
  [-1. -1. -1. ...  1. -1.  1.]]

 ...

 [[ 1. -1. -1. ...  1. -1.  1.]
  [-1.  1.  1. ... -1.  1. -1.]
  [-1.  1.  1. ... -1.  1. -1.]
  ...
  [-1.  1.  1. ... -1.  1. -1.]
  [-1.  1.  1. ... -1.  1. -1.]
  [ 1. -1. -1. ...  1. -1.  1.]]

 [[-1.  1. -1. ... -1. -1.  1.]
  [ 1. -1.  1. ...  1.  1. -1.]
  [ 1. -1.  1. ...  1.  1. -1.]
  ...
  [ 1. -1.  1. ...  1.  1. -1.]
  [ 1. -1.  1. ...  1.  1. -1.]
  [-1.  1. -1. ... -1. -1.  1.]]

 [[-1. -1. -1. ... -1. -1. -1.]
  [ 1.  1.  1. ...  1.  1.  1.]
  [ 1.  1.  1. ...  1.  1.  1.]
  ...
  [ 1.  1.  1. ...  1.  1.  1.]
  [ 1.  1.  1. ...  1.  1.  1.]
  [-1. -1. -1. ... -1. -1. -1.]]]"
28,Kdo je nejv?tší konkurent ?eské Pojiš?ovny?,"[[[ 1.  1.  1. ...  1. -1. -1.]
  [ 1.  1.  1. ...  1. -1. -1.]
  [ 1.  1.  1. ...  1. -1. -1.]
  ...
  [ 1.  1.  1. ...  1. -1. -1.]
  [-1. -1. -1. ... -1.  1.  1.]
  [ 1.  1.  1. ...  1. -1. -1.]]

 [[ 1. -1. -1. ...  1.  1. -1.]
  [ 1. -1. -1. ...  1.  1. -1.]
  [ 1. -1. -1. ...  1.  1. -1.]
  ...
  [ 1. -1. -1. ...  1.  1. -1.]
  [-1.  1.  1. ... -1. -1.  1.]
  [ 1. -1. -1. ...  1.  1. -1.]]

 [[ 1.  1.  1. ... -1.  1. -1.]
  [ 1.  1.  1. ... -1.  1. -1.]
  [ 1.  1.  1. ... -1.  1. -1.]
  ...
  [ 1.  1.  1. ... -1.  1. -1.]
  [-1. -1. -1. ...  1. -1.  1.]
  [ 1.  1.  1. ... -1.  1. -1.]]

 ...

 [[-1.  1.  1. ... -1.  1. -1.]
  [-1.  1.  1. ... -1.  1. -1.]
  [-1.  1.  1. ... -1.  1. -1.]
  ...
  [-1.  1.  1. ... -1.  1. -1.]
  [ 1. -1. -1. ...  1. -1.  1.]
  [-1.  1.  1. ... -1.  1. -1.]]

 [[ 1. -1.  1. ...  1.  1. -1.]
  [ 1. -1.  1. ...  1.  1. -1.]
  [ 1. -1.  1. ...  1.  1. -1.]
  ...
  [ 1. -1.  1. ...  1.  1. -1.]
  [-1.  1. -1. ... -1. -1.  1.]
  [ 1. -1.  1. ...  1.  1. -1.]]

 [[ 1.  1.  1. ...  1.  1.  1.]
  [ 1.  1.  1. ...  1.  1.  1.]
  [ 1.  1.  1. ...  1.  1.  1.]
  ...
  [ 1.  1.  1. ...  1.  1.  1.]
  [-1. -1. -1. ... -1. -1. -1.]
  [ 1.  1.  1. ...  1.  1.  1.]]]"
29,Which are the top airports?,"[[[-1. -1. -1. ... -1.  1.  1.]
  [ 1.  1.  1. ...  1. -1. -1.]
  [ 1.  1.  1. ...  1. -1. -1.]
  ...
  [ 1.  1.  1. ...  1. -1. -1.]
  [ 1.  1.  1. ...  1. -1. -1.]
  [ 1.  1.  1. ...  1. -1. -1.]]

 [[-1.  1.  1. ... -1. -1.  1.]
  [ 1. -1. -1. ...  1.  1. -1.]
  [ 1. -1. -1. ...  1.  1. -1.]
  ...
  [ 1. -1. -1. ...  1.  1. -1.]
  [ 1. -1. -1. ...  1.  1. -1.]
  [ 1. -1. -1. ...  1.  1. -1.]]

 [[-1. -1. -1. ...  1. -1.  1.]
  [ 1.  1.  1. ... -1.  1. -1.]
  [ 1.  1.  1. ... -1.  1. -1.]
  ...
  [ 1.  1.  1. ... -1.  1. -1.]
  [ 1.  1.  1. ... -1.  1. -1.]
  [ 1.  1.  1. ... -1.  1. -1.]]

 ...

 [[ 1. -1. -1. ...  1. -1.  1.]
  [-1.  1.  1. ... -1.  1. -1.]
  [-1.  1.  1. ... -1.  1. -1.]
  ...
  [-1.  1.  1. ... -1.  1. -1.]
  [-1.  1.  1. ... -1.  1. -1.]
  [-1.  1.  1. ... -1.  1. -1.]]

 [[-1.  1. -1. ... -1. -1.  1.]
  [ 1. -1.  1. ...  1.  1. -1.]
  [ 1. -1.  1. ...  1.  1. -1.]
  ...
  [ 1. -1.  1. ...  1.  1. -1.]
  [ 1. -1.  1. ...  1.  1. -1.]
  [ 1. -1.  1. ...  1.  1. -1.]]

 [[-1. -1. -1. ... -1. -1. -1.]
  [ 1.  1.  1. ...  1.  1.  1.]
  [ 1.  1.  1. ...  1.  1.  1.]
  ...
  [ 1.  1.  1. ...  1.  1.  1.]
  [ 1.  1.  1. ...  1.  1.  1.]
  [ 1.  1.  1. ...  1.  1.  1.]]]"
30,How many fatal air accidents till date?,"[[[ 1.  1.  1. ...  1. -1. -1.]
  [ 1.  1.  1. ...  1. -1. -1.]
  [ 1.  1.  1. ...  1. -1. -1.]
  ...
  [-1. -1. -1. ... -1.  1.  1.]
  [ 1.  1.  1. ...  1. -1. -1.]
  [ 1.  1.  1. ...  1. -1. -1.]]

 [[ 1. -1. -1. ...  1.  1. -1.]
  [ 1. -1. -1. ...  1.  1. -1.]
  [ 1. -1. -1. ...  1.  1. -1.]
  ...
  [-1.  1.  1. ... -1. -1.  1.]
  [ 1. -1. -1. ...  1.  1. -1.]
  [ 1. -1. -1. ...  1.  1. -1.]]

 [[ 1.  1.  1. ... -1.  1. -1.]
  [ 1.  1.  1. ... -1.  1. -1.]
  [ 1.  1.  1. ... -1.  1. -1.]
  ...
  [-1. -1. -1. ...  1. -1.  1.]
  [ 1.  1.  1. ... -1.  1. -1.]
  [ 1.  1.  1. ... -1.  1. -1.]]

 ...

 [[-1.  1.  1. ... -1.  1. -1.]
  [-1.  1.  1. ... -1.  1. -1.]
  [-1.  1.  1. ... -1.  1. -1.]
  ...
  [ 1. -1. -1. ...  1. -1.  1.]
  [-1.  1.  1. ... -1.  1. -1.]
  [-1.  1.  1. ... -1.  1. -1.]]

 [[ 1. -1.  1. ...  1.  1. -1.]
  [ 1. -1.  1. ...  1.  1. -1.]
  [ 1. -1.  1. ...  1.  1. -1.]
  ...
  [-1.  1. -1. ... -1. -1.  1.]
  [ 1. -1.  1. ...  1.  1. -1.]
  [ 1. -1.  1. ...  1.  1. -1.]]

 [[ 1.  1.  1. ...  1.  1.  1.]
  [ 1.  1.  1. ...  1.  1.  1.]
  [ 1.  1.  1. ...  1.  1.  1.]
  ...
  [-1. -1. -1. ... -1. -1. -1.]
  [ 1.  1.  1. ...  1.  1.  1.]
  [ 1.  1.  1. ...  1.  1.  1.]]]"
31,What is the flow of air traffic in North America?,"[[[ 1.  1.  1. ...  1. -1. -1.]
  [ 1.  1.  1. ...  1. -1. -1.]
  [ 1.  1.  1. ...  1. -1. -1.]
  ...
  [ 1.  1.  1. ...  1. -1. -1.]
  [ 1.  1.  1. ...  1. -1. -1.]
  [-1. -1. -1. ... -1.  1.  1.]]

 [[ 1. -1. -1. ...  1.  1. -1.]
  [ 1. -1. -1. ...  1.  1. -1.]
  [ 1. -1. -1. ...  1.  1. -1.]
  ...
  [ 1. -1. -1. ...  1.  1. -1.]
  [ 1. -1. -1. ...  1.  1. -1.]
  [-1.  1.  1. ... -1. -1.  1.]]

 [[ 1.  1.  1. ... -1.  1. -1.]
  [ 1.  1.  1. ... -1.  1. -1.]
  [ 1.  1.  1. ... -1.  1. -1.]
  ...
  [ 1.  1.  1. ... -1.  1. -1.]
  [ 1.  1.  1. ... -1.  1. -1.]
  [-1. -1. -1. ...  1. -1.  1.]]

 ...

 [[-1.  1.  1. ... -1.  1. -1.]
  [-1.  1.  1. ... -1.  1. -1.]
  [-1.  1.  1. ... -1.  1. -1.]
  ...
  [-1.  1.  1. ... -1.  1. -1.]
  [-1.  1.  1. ... -1.  1. -1.]
  [ 1. -1. -1. ...  1. -1.  1.]]

 [[ 1. -1.  1. ...  1.  1. -1.]
  [ 1. -1.  1. ...  1.  1. -1.]
  [ 1. -1.  1. ...  1.  1. -1.]
  ...
  [ 1. -1.  1. ...  1.  1. -1.]
  [ 1. -1.  1. ...  1.  1. -1.]
  [-1.  1. -1. ... -1. -1.  1.]]

 [[ 1.  1.  1. ...  1.  1.  1.]
  [ 1.  1.  1. ...  1.  1.  1.]
  [ 1.  1.  1. ...  1.  1.  1.]
  ...
  [ 1.  1.  1. ...  1.  1.  1.]
  [ 1.  1.  1. ...  1.  1.  1.]
  [-1. -1. -1. ... -1. -1. -1.]]]"
32,What is the fleet of Airbus?,"[[[ 1.  1.  1. ...  1. -1. -1.]
  [ 1.  1.  1. ...  1. -1. -1.]
  [ 1.  1.  1. ...  1. -1. -1.]
  ...
  [ 1.  1.  1. ...  1. -1. -1.]
  [ 1.  1.  1. ...  1. -1. -1.]
  [-1. -1. -1. ... -1.  1.  1.]]

 [[ 1. -1. -1. ...  1.  1. -1.]
  [ 1. -1. -1. ...  1.  1. -1.]
  [ 1. -1. -1. ...  1.  1. -1.]
  ...
  [ 1. -1. -1. ...  1.  1. -1.]
  [ 1. -1. -1. ...  1.  1. -1.]
  [-1.  1.  1. ... -1. -1.  1.]]

 [[ 1.  1.  1. ... -1.  1. -1.]
  [ 1.  1.  1. ... -1.  1. -1.]
  [ 1.  1.  1. ... -1.  1. -1.]
  ...
  [ 1.  1.  1. ... -1.  1. -1.]
  [ 1.  1.  1. ... -1.  1. -1.]
  [-1. -1. -1. ...  1. -1.  1.]]

 ...

 [[-1.  1.  1. ... -1.  1. -1.]
  [-1.  1.  1. ... -1.  1. -1.]
  [-1.  1.  1. ... -1.  1. -1.]
  ...
  [-1.  1.  1. ... -1.  1. -1.]
  [-1.  1.  1. ... -1.  1. -1.]
  [ 1. -1. -1. ...  1. -1.  1.]]

 [[ 1. -1.  1. ...  1.  1. -1.]
  [ 1. -1.  1. ...  1.  1. -1.]
  [ 1. -1.  1. ...  1.  1. -1.]
  ...
  [ 1. -1.  1. ...  1.  1. -1.]
  [ 1. -1.  1. ...  1.  1. -1.]
  [-1.  1. -1. ... -1. -1.  1.]]

 [[ 1.  1.  1. ...  1.  1.  1.]
  [ 1.  1.  1. ...  1.  1.  1.]
  [ 1.  1.  1. ...  1.  1.  1.]
  ...
  [ 1.  1.  1. ...  1.  1.  1.]
  [ 1.  1.  1. ...  1.  1.  1.]
  [-1. -1. -1. ... -1. -1. -1.]]]"
33,Airlines profitability Brazil?,"[[[-1. -1. -1. ... -1.  1.  1.]
  [ 1.  1.  1. ...  1. -1. -1.]
  [-1. -1. -1. ... -1.  1.  1.]
  ...
  [ 1.  1.  1. ...  1. -1. -1.]
  [ 1.  1.  1. ...  1. -1. -1.]
  [-1. -1. -1. ... -1.  1.  1.]]

 [[-1.  1.  1. ... -1. -1.  1.]
  [ 1. -1. -1. ...  1.  1. -1.]
  [-1.  1.  1. ... -1. -1.  1.]
  ...
  [ 1. -1. -1. ...  1.  1. -1.]
  [ 1. -1. -1. ...  1.  1. -1.]
  [-1.  1.  1. ... -1. -1.  1.]]

 [[-1. -1. -1. ...  1. -1.  1.]
  [ 1.  1.  1. ... -1.  1. -1.]
  [-1. -1. -1. ...  1. -1.  1.]
  ...
  [ 1.  1.  1. ... -1.  1. -1.]
  [ 1.  1.  1. ... -1.  1. -1.]
  [-1. -1. -1. ...  1. -1.  1.]]

 ...

 [[ 1. -1. -1. ...  1. -1.  1.]
  [-1.  1.  1. ... -1.  1. -1.]
  [ 1. -1. -1. ...  1. -1.  1.]
  ...
  [-1.  1.  1. ... -1.  1. -1.]
  [-1.  1.  1. ... -1.  1. -1.]
  [ 1. -1. -1. ...  1. -1.  1.]]

 [[-1.  1. -1. ... -1. -1.  1.]
  [ 1. -1.  1. ...  1.  1. -1.]
  [-1.  1. -1. ... -1. -1.  1.]
  ...
  [ 1. -1.  1. ...  1.  1. -1.]
  [ 1. -1.  1. ...  1.  1. -1.]
  [-1.  1. -1. ... -1. -1.  1.]]

 [[-1. -1. -1. ... -1. -1. -1.]
  [ 1.  1.  1. ...  1.  1.  1.]
  [-1. -1. -1. ... -1. -1. -1.]
  ...
  [ 1.  1.  1. ...  1.  1.  1.]
  [ 1.  1.  1. ...  1.  1.  1.]
  [-1. -1. -1. ... -1. -1. -1.]]]"
34,Mergers among airline companies?,"[[[ 1.  1.  1. ...  1. -1. -1.]
  [-1. -1. -1. ... -1.  1.  1.]
  [-1. -1. -1. ... -1.  1.  1.]
  ...
  [ 1.  1.  1. ...  1. -1. -1.]
  [ 1.  1.  1. ...  1. -1. -1.]
  [-1. -1. -1. ... -1.  1.  1.]]

 [[ 1. -1. -1. ...  1.  1. -1.]
  [-1.  1.  1. ... -1. -1.  1.]
  [-1.  1.  1. ... -1. -1.  1.]
  ...
  [ 1. -1. -1. ...  1.  1. -1.]
  [ 1. -1. -1. ...  1.  1. -1.]
  [-1.  1.  1. ... -1. -1.  1.]]

 [[ 1.  1.  1. ... -1.  1. -1.]
  [-1. -1. -1. ...  1. -1.  1.]
  [-1. -1. -1. ...  1. -1.  1.]
  ...
  [ 1.  1.  1. ... -1.  1. -1.]
  [ 1.  1.  1. ... -1.  1. -1.]
  [-1. -1. -1. ...  1. -1.  1.]]

 ...

 [[-1.  1.  1. ... -1.  1. -1.]
  [ 1. -1. -1. ...  1. -1.  1.]
  [ 1. -1. -1. ...  1. -1.  1.]
  ...
  [-1.  1.  1. ... -1.  1. -1.]
  [-1.  1.  1. ... -1.  1. -1.]
  [ 1. -1. -1. ...  1. -1.  1.]]

 [[ 1. -1.  1. ...  1.  1. -1.]
  [-1.  1. -1. ... -1. -1.  1.]
  [-1.  1. -1. ... -1. -1.  1.]
  ...
  [ 1. -1.  1. ...  1.  1. -1.]
  [ 1. -1.  1. ...  1.  1. -1.]
  [-1.  1. -1. ... -1. -1.  1.]]

 [[ 1.  1.  1. ...  1.  1.  1.]
  [-1. -1. -1. ... -1. -1. -1.]
  [-1. -1. -1. ... -1. -1. -1.]
  ...
  [ 1.  1.  1. ...  1.  1.  1.]
  [ 1.  1.  1. ...  1.  1.  1.]
  [-1. -1. -1. ... -1. -1. -1.]]]"
35,Which are the most profitable airports?,"[[[-1. -1. -1. ... -1.  1.  1.]
  [-1. -1. -1. ... -1.  1.  1.]
  [ 1.  1.  1. ...  1. -1. -1.]
  ...
  [ 1.  1.  1. ...  1. -1. -1.]
  [ 1.  1.  1. ...  1. -1. -1.]
  [ 1.  1.  1. ...  1. -1. -1.]]

 [[-1.  1.  1. ... -1. -1.  1.]
  [-1.  1.  1. ... -1. -1.  1.]
  [ 1. -1. -1. ...  1.  1. -1.]
  ...
  [ 1. -1. -1. ...  1.  1. -1.]
  [ 1. -1. -1. ...  1.  1. -1.]
  [ 1. -1. -1. ...  1.  1. -1.]]

 [[-1. -1. -1. ...  1. -1.  1.]
  [-1. -1. -1. ...  1. -1.  1.]
  [ 1.  1.  1. ... -1.  1. -1.]
  ...
  [ 1.  1.  1. ... -1.  1. -1.]
  [ 1.  1.  1. ... -1.  1. -1.]
  [ 1.  1.  1. ... -1.  1. -1.]]

 ...

 [[ 1. -1. -1. ...  1. -1.  1.]
  [ 1. -1. -1. ...  1. -1.  1.]
  [-1.  1.  1. ... -1.  1. -1.]
  ...
  [-1.  1.  1. ... -1.  1. -1.]
  [-1.  1.  1. ... -1.  1. -1.]
  [-1.  1.  1. ... -1.  1. -1.]]

 [[-1.  1. -1. ... -1. -1.  1.]
  [-1.  1. -1. ... -1. -1.  1.]
  [ 1. -1.  1. ...  1.  1. -1.]
  ...
  [ 1. -1.  1. ...  1.  1. -1.]
  [ 1. -1.  1. ...  1.  1. -1.]
  [ 1. -1.  1. ...  1.  1. -1.]]

 [[-1. -1. -1. ... -1. -1. -1.]
  [-1. -1. -1. ... -1. -1. -1.]
  [ 1.  1.  1. ...  1.  1.  1.]
  ...
  [ 1.  1.  1. ...  1.  1.  1.]
  [ 1.  1.  1. ...  1.  1.  1.]
  [ 1.  1.  1. ...  1.  1.  1.]]]"
36,What has the capacity movement of airline companies been over the years?,"[[[ 1.  1.  1. ...  1. -1. -1.]
  [ 1.  1.  1. ...  1. -1. -1.]
  [ 1.  1.  1. ...  1. -1. -1.]
  ...
  [ 1.  1.  1. ...  1. -1. -1.]
  [-1. -1. -1. ... -1.  1.  1.]
  [-1. -1. -1. ... -1.  1.  1.]]

 [[ 1. -1. -1. ...  1.  1. -1.]
  [ 1. -1. -1. ...  1.  1. -1.]
  [ 1. -1. -1. ...  1.  1. -1.]
  ...
  [ 1. -1. -1. ...  1.  1. -1.]
  [-1.  1.  1. ... -1. -1.  1.]
  [-1.  1.  1. ... -1. -1.  1.]]

 [[ 1.  1.  1. ... -1.  1. -1.]
  [ 1.  1.  1. ... -1.  1. -1.]
  [ 1.  1.  1. ... -1.  1. -1.]
  ...
  [ 1.  1.  1. ... -1.  1. -1.]
  [-1. -1. -1. ...  1. -1.  1.]
  [-1. -1. -1. ...  1. -1.  1.]]

 ...

 [[-1.  1.  1. ... -1.  1. -1.]
  [-1.  1.  1. ... -1.  1. -1.]
  [-1.  1.  1. ... -1.  1. -1.]
  ...
  [-1.  1.  1. ... -1.  1. -1.]
  [ 1. -1. -1. ...  1. -1.  1.]
  [ 1. -1. -1. ...  1. -1.  1.]]

 [[ 1. -1.  1. ...  1.  1. -1.]
  [ 1. -1.  1. ...  1.  1. -1.]
  [ 1. -1.  1. ...  1.  1. -1.]
  ...
  [ 1. -1.  1. ...  1.  1. -1.]
  [-1.  1. -1. ... -1. -1.  1.]
  [-1.  1. -1. ... -1. -1.  1.]]

 [[ 1.  1.  1. ...  1.  1.  1.]
  [ 1.  1.  1. ...  1.  1.  1.]
  [ 1.  1.  1. ...  1.  1.  1.]
  ...
  [ 1.  1.  1. ...  1.  1.  1.]
  [-1. -1. -1. ... -1. -1. -1.]
  [-1. -1. -1. ... -1. -1. -1.]]]"
37,Details of the Aban Abraham oil rig?,"[[[-1. -1. -1. ... -1.  1.  1.]
  [ 1.  1.  1. ...  1. -1. -1.]
  [-1. -1. -1. ... -1.  1.  1.]
  ...
  [-1. -1. -1. ... -1.  1.  1.]
  [ 1.  1.  1. ...  1. -1. -1.]
  [-1. -1. -1. ... -1.  1.  1.]]

 [[-1.  1.  1. ... -1. -1.  1.]
  [ 1. -1. -1. ...  1.  1. -1.]
  [-1.  1.  1. ... -1. -1.  1.]
  ...
  [-1.  1.  1. ... -1. -1.  1.]
  [ 1. -1. -1. ...  1.  1. -1.]
  [-1.  1.  1. ... -1. -1.  1.]]

 [[-1. -1. -1. ...  1. -1.  1.]
  [ 1.  1.  1. ... -1.  1. -1.]
  [-1. -1. -1. ...  1. -1.  1.]
  ...
  [-1. -1. -1. ...  1. -1.  1.]
  [ 1.  1.  1. ... -1.  1. -1.]
  [-1. -1. -1. ...  1. -1.  1.]]

 ...

 [[ 1. -1. -1. ...  1. -1.  1.]
  [-1.  1.  1. ... -1.  1. -1.]
  [ 1. -1. -1. ...  1. -1.  1.]
  ...
  [ 1. -1. -1. ...  1. -1.  1.]
  [-1.  1.  1. ... -1.  1. -1.]
  [ 1. -1. -1. ...  1. -1.  1.]]

 [[-1.  1. -1. ... -1. -1.  1.]
  [ 1. -1.  1. ...  1.  1. -1.]
  [-1.  1. -1. ... -1. -1.  1.]
  ...
  [-1.  1. -1. ... -1. -1.  1.]
  [ 1. -1.  1. ...  1.  1. -1.]
  [-1.  1. -1. ... -1. -1.  1.]]

 [[-1. -1. -1. ... -1. -1. -1.]
  [ 1.  1.  1. ...  1.  1.  1.]
  [-1. -1. -1. ... -1. -1. -1.]
  ...
  [-1. -1. -1. ... -1. -1. -1.]
  [ 1.  1.  1. ...  1.  1.  1.]
  [-1. -1. -1. ... -1. -1. -1.]]]"
38,How big is the airlines industry in China?,"[[[ 1.  1.  1. ...  1. -1. -1.]
  [ 1.  1.  1. ...  1. -1. -1.]
  [ 1.  1.  1. ...  1. -1. -1.]
  ...
  [ 1.  1.  1. ...  1. -1. -1.]
  [ 1.  1.  1. ...  1. -1. -1.]
  [-1. -1. -1. ... -1.  1.  1.]]

 [[ 1. -1. -1. ...  1.  1. -1.]
  [ 1. -1. -1. ...  1.  1. -1.]
  [ 1. -1. -1. ...  1.  1. -1.]
  ...
  [ 1. -1. -1. ...  1.  1. -1.]
  [ 1. -1. -1. ...  1.  1. -1.]
  [-1.  1.  1. ... -1. -1.  1.]]

 [[ 1.  1.  1. ... -1.  1. -1.]
  [ 1.  1.  1. ... -1.  1. -1.]
  [ 1.  1.  1. ... -1.  1. -1.]
  ...
  [ 1.  1.  1. ... -1.  1. -1.]
  [ 1.  1.  1. ... -1.  1. -1.]
  [-1. -1. -1. ...  1. -1.  1.]]

 ...

 [[-1.  1.  1. ... -1.  1. -1.]
  [-1.  1.  1. ... -1.  1. -1.]
  [-1.  1.  1. ... -1.  1. -1.]
  ...
  [-1.  1.  1. ... -1.  1. -1.]
  [-1.  1.  1. ... -1.  1. -1.]
  [ 1. -1. -1. ...  1. -1.  1.]]

 [[ 1. -1.  1. ...  1.  1. -1.]
  [ 1. -1.  1. ...  1.  1. -1.]
  [ 1. -1.  1. ...  1.  1. -1.]
  ...
  [ 1. -1.  1. ...  1.  1. -1.]
  [ 1. -1.  1. ...  1.  1. -1.]
  [-1.  1. -1. ... -1. -1.  1.]]

 [[ 1.  1.  1. ...  1.  1.  1.]
  [ 1.  1.  1. ...  1.  1.  1.]
  [ 1.  1.  1. ...  1.  1.  1.]
  ...
  [ 1.  1.  1. ...  1.  1.  1.]
  [ 1.  1.  1. ...  1.  1.  1.]
  [-1. -1. -1. ... -1. -1. -1.]]]"
39,How much money did Lloyd's of London make last year?,"[[[ 1.  1.  1. ...  1. -1. -1.]
  [ 1.  1.  1. ...  1. -1. -1.]
  [ 1.  1.  1. ...  1. -1. -1.]
  ...
  [-1. -1. -1. ... -1.  1.  1.]
  [ 1.  1.  1. ...  1. -1. -1.]
  [-1. -1. -1. ... -1.  1.  1.]]

 [[ 1. -1. -1. ...  1.  1. -1.]
  [ 1. -1. -1. ...  1.  1. -1.]
  [ 1. -1. -1. ...  1.  1. -1.]
  ...
  [-1.  1.  1. ... -1. -1.  1.]
  [ 1. -1. -1. ...  1.  1. -1.]
  [-1.  1.  1. ... -1. -1.  1.]]

 [[ 1.  1.  1. ... -1.  1. -1.]
  [ 1.  1.  1. ... -1.  1. -1.]
  [ 1.  1.  1. ... -1.  1. -1.]
  ...
  [-1. -1. -1. ...  1. -1.  1.]
  [ 1.  1.  1. ... -1.  1. -1.]
  [-1. -1. -1. ...  1. -1.  1.]]

 ...

 [[-1.  1.  1. ... -1.  1. -1.]
  [-1.  1.  1. ... -1.  1. -1.]
  [-1.  1.  1. ... -1.  1. -1.]
  ...
  [ 1. -1. -1. ...  1. -1.  1.]
  [-1.  1.  1. ... -1.  1. -1.]
  [ 1. -1. -1. ...  1. -1.  1.]]

 [[ 1. -1.  1. ...  1.  1. -1.]
  [ 1. -1.  1. ...  1.  1. -1.]
  [ 1. -1.  1. ...  1.  1. -1.]
  ...
  [-1.  1. -1. ... -1. -1.  1.]
  [ 1. -1.  1. ...  1.  1. -1.]
  [-1.  1. -1. ... -1. -1.  1.]]

 [[ 1.  1.  1. ...  1.  1.  1.]
  [ 1.  1.  1. ...  1.  1.  1.]
  [ 1.  1.  1. ...  1.  1.  1.]
  ...
  [-1. -1. -1. ... -1. -1. -1.]
  [ 1.  1.  1. ...  1.  1.  1.]
  [-1. -1. -1. ... -1. -1. -1.]]]"
40,What was the Calendar year COR versus the Accident year COR for Lloyd's?,"[[[-1. -1. -1. ... -1.  1.  1.]
  [ 1.  1.  1. ...  1. -1. -1.]
  [ 1.  1.  1. ...  1. -1. -1.]
  ...
  [-1. -1. -1. ... -1.  1.  1.]
  [-1. -1. -1. ... -1.  1.  1.]
  [-1. -1. -1. ... -1.  1.  1.]]

 [[-1.  1.  1. ... -1. -1.  1.]
  [ 1. -1. -1. ...  1.  1. -1.]
  [ 1. -1. -1. ...  1.  1. -1.]
  ...
  [-1.  1.  1. ... -1. -1.  1.]
  [-1.  1.  1. ... -1. -1.  1.]
  [-1.  1.  1. ... -1. -1.  1.]]

 [[-1. -1. -1. ...  1. -1.  1.]
  [ 1.  1.  1. ... -1.  1. -1.]
  [ 1.  1.  1. ... -1.  1. -1.]
  ...
  [-1. -1. -1. ...  1. -1.  1.]
  [-1. -1. -1. ...  1. -1.  1.]
  [-1. -1. -1. ...  1. -1.  1.]]

 ...

 [[ 1. -1. -1. ...  1. -1.  1.]
  [-1.  1.  1. ... -1.  1. -1.]
  [-1.  1.  1. ... -1.  1. -1.]
  ...
  [ 1. -1. -1. ...  1. -1.  1.]
  [ 1. -1. -1. ...  1. -1.  1.]
  [ 1. -1. -1. ...  1. -1.  1.]]

 [[-1.  1. -1. ... -1. -1.  1.]
  [ 1. -1.  1. ...  1.  1. -1.]
  [ 1. -1.  1. ...  1.  1. -1.]
  ...
  [-1.  1. -1. ... -1. -1.  1.]
  [-1.  1. -1. ... -1. -1.  1.]
  [-1.  1. -1. ... -1. -1.  1.]]

 [[-1. -1. -1. ... -1. -1. -1.]
  [ 1.  1.  1. ...  1.  1.  1.]
  [ 1.  1.  1. ...  1.  1.  1.]
  ...
  [-1. -1. -1. ... -1. -1. -1.]
  [-1. -1. -1. ... -1. -1. -1.]
  [-1. -1. -1. ... -1. -1. -1.]]]"
41,Which Lloyd's syndicates owns the maximum number of assets?,"[[[ 1.  1.  1. ...  1. -1. -1.]
  [-1. -1. -1. ... -1.  1.  1.]
  [ 1.  1.  1. ...  1. -1. -1.]
  ...
  [-1. -1. -1. ... -1.  1.  1.]
  [-1. -1. -1. ... -1.  1.  1.]
  [-1. -1. -1. ... -1.  1.  1.]]

 [[ 1. -1. -1. ...  1.  1. -1.]
  [-1.  1.  1. ... -1. -1.  1.]
  [ 1. -1. -1. ...  1.  1. -1.]
  ...
  [-1.  1.  1. ... -1. -1.  1.]
  [-1.  1.  1. ... -1. -1.  1.]
  [-1.  1.  1. ... -1. -1.  1.]]

 [[ 1.  1.  1. ... -1.  1. -1.]
  [-1. -1. -1. ...  1. -1.  1.]
  [ 1.  1.  1. ... -1.  1. -1.]
  ...
  [-1. -1. -1. ...  1. -1.  1.]
  [-1. -1. -1. ...  1. -1.  1.]
  [-1. -1. -1. ...  1. -1.  1.]]

 ...

 [[-1.  1.  1. ... -1.  1. -1.]
  [ 1. -1. -1. ...  1. -1.  1.]
  [-1.  1.  1. ... -1.  1. -1.]
  ...
  [ 1. -1. -1. ...  1. -1.  1.]
  [ 1. -1. -1. ...  1. -1.  1.]
  [ 1. -1. -1. ...  1. -1.  1.]]

 [[ 1. -1.  1. ...  1.  1. -1.]
  [-1.  1. -1. ... -1. -1.  1.]
  [ 1. -1.  1. ...  1.  1. -1.]
  ...
  [-1.  1. -1. ... -1. -1.  1.]
  [-1.  1. -1. ... -1. -1.  1.]
  [-1.  1. -1. ... -1. -1.  1.]]

 [[ 1.  1.  1. ...  1.  1.  1.]
  [-1. -1. -1. ... -1. -1. -1.]
  [ 1.  1.  1. ...  1.  1.  1.]
  ...
  [-1. -1. -1. ... -1. -1. -1.]
  [-1. -1. -1. ... -1. -1. -1.]
  [-1. -1. -1. ... -1. -1. -1.]]]"
42,List key performance indicators for AXA?,"[[[-1. -1. -1. ... -1.  1.  1.]
  [-1. -1. -1. ... -1.  1.  1.]
  [ 1.  1.  1. ...  1. -1. -1.]
  ...
  [ 1.  1.  1. ...  1. -1. -1.]
  [ 1.  1.  1. ...  1. -1. -1.]
  [ 1.  1.  1. ...  1. -1. -1.]]

 [[-1.  1.  1. ... -1. -1.  1.]
  [-1.  1.  1. ... -1. -1.  1.]
  [ 1. -1. -1. ...  1.  1. -1.]
  ...
  [ 1. -1. -1. ...  1.  1. -1.]
  [ 1. -1. -1. ...  1.  1. -1.]
  [ 1. -1. -1. ...  1.  1. -1.]]

 [[-1. -1. -1. ...  1. -1.  1.]
  [-1. -1. -1. ...  1. -1.  1.]
  [ 1.  1.  1. ... -1.  1. -1.]
  ...
  [ 1.  1.  1. ... -1.  1. -1.]
  [ 1.  1.  1. ... -1.  1. -1.]
  [ 1.  1.  1. ... -1.  1. -1.]]

 ...

 [[ 1. -1. -1. ...  1. -1.  1.]
  [ 1. -1. -1. ...  1. -1.  1.]
  [-1.  1.  1. ... -1.  1. -1.]
  ...
  [-1.  1.  1. ... -1.  1. -1.]
  [-1.  1.  1. ... -1.  1. -1.]
  [-1.  1.  1. ... -1.  1. -1.]]

 [[-1.  1. -1. ... -1. -1.  1.]
  [-1.  1. -1. ... -1. -1.  1.]
  [ 1. -1.  1. ...  1.  1. -1.]
  ...
  [ 1. -1.  1. ...  1.  1. -1.]
  [ 1. -1.  1. ...  1.  1. -1.]
  [ 1. -1.  1. ...  1.  1. -1.]]

 [[-1. -1. -1. ... -1. -1. -1.]
  [-1. -1. -1. ... -1. -1. -1.]
  [ 1.  1.  1. ...  1.  1.  1.]
  ...
  [ 1.  1.  1. ...  1.  1.  1.]
  [ 1.  1.  1. ...  1.  1.  1.]
  [ 1.  1.  1. ...  1.  1.  1.]]]"
43,What are the most prominent legal cases?,"[[[-1. -1. -1. ... -1.  1.  1.]
  [ 1.  1.  1. ...  1. -1. -1.]
  [ 1.  1.  1. ...  1. -1. -1.]
  ...
  [ 1.  1.  1. ...  1. -1. -1.]
  [ 1.  1.  1. ...  1. -1. -1.]
  [ 1.  1.  1. ...  1. -1. -1.]]

 [[-1.  1.  1. ... -1. -1.  1.]
  [ 1. -1. -1. ...  1.  1. -1.]
  [ 1. -1. -1. ...  1.  1. -1.]
  ...
  [ 1. -1. -1. ...  1.  1. -1.]
  [ 1. -1. -1. ...  1.  1. -1.]
  [ 1. -1. -1. ...  1.  1. -1.]]

 [[-1. -1. -1. ...  1. -1.  1.]
  [ 1.  1.  1. ... -1.  1. -1.]
  [ 1.  1.  1. ... -1.  1. -1.]
  ...
  [ 1.  1.  1. ... -1.  1. -1.]
  [ 1.  1.  1. ... -1.  1. -1.]
  [ 1.  1.  1. ... -1.  1. -1.]]

 ...

 [[ 1. -1. -1. ...  1. -1.  1.]
  [-1.  1.  1. ... -1.  1. -1.]
  [-1.  1.  1. ... -1.  1. -1.]
  ...
  [-1.  1.  1. ... -1.  1. -1.]
  [-1.  1.  1. ... -1.  1. -1.]
  [-1.  1.  1. ... -1.  1. -1.]]

 [[-1.  1. -1. ... -1. -1.  1.]
  [ 1. -1.  1. ...  1.  1. -1.]
  [ 1. -1.  1. ...  1.  1. -1.]
  ...
  [ 1. -1.  1. ...  1.  1. -1.]
  [ 1. -1.  1. ...  1.  1. -1.]
  [ 1. -1.  1. ...  1.  1. -1.]]

 [[-1. -1. -1. ... -1. -1. -1.]
  [ 1.  1.  1. ...  1.  1.  1.]
  [ 1.  1.  1. ...  1.  1.  1.]
  ...
  [ 1.  1.  1. ...  1.  1.  1.]
  [ 1.  1.  1. ...  1.  1.  1.]
  [ 1.  1.  1. ...  1.  1.  1.]]]"
44,How does oil industry perform in Brazil?,"[[[ 1.  1.  1. ...  1. -1. -1.]
  [ 1.  1.  1. ...  1. -1. -1.]
  [-1. -1. -1. ... -1.  1.  1.]
  ...
  [ 1.  1.  1. ...  1. -1. -1.]
  [ 1.  1.  1. ...  1. -1. -1.]
  [-1. -1. -1. ... -1.  1.  1.]]

 [[ 1. -1. -1. ...  1.  1. -1.]
  [ 1. -1. -1. ...  1.  1. -1.]
  [-1.  1.  1. ... -1. -1.  1.]
  ...
  [ 1. -1. -1. ...  1.  1. -1.]
  [ 1. -1. -1. ...  1.  1. -1.]
  [-1.  1.  1. ... -1. -1.  1.]]

 [[ 1.  1.  1. ... -1.  1. -1.]
  [ 1.  1.  1. ... -1.  1. -1.]
  [-1. -1. -1. ...  1. -1.  1.]
  ...
  [ 1.  1.  1. ... -1.  1. -1.]
  [ 1.  1.  1. ... -1.  1. -1.]
  [-1. -1. -1. ...  1. -1.  1.]]

 ...

 [[-1.  1.  1. ... -1.  1. -1.]
  [-1.  1.  1. ... -1.  1. -1.]
  [ 1. -1. -1. ...  1. -1.  1.]
  ...
  [-1.  1.  1. ... -1.  1. -1.]
  [-1.  1.  1. ... -1.  1. -1.]
  [ 1. -1. -1. ...  1. -1.  1.]]

 [[ 1. -1.  1. ...  1.  1. -1.]
  [ 1. -1.  1. ...  1.  1. -1.]
  [-1.  1. -1. ... -1. -1.  1.]
  ...
  [ 1. -1.  1. ...  1.  1. -1.]
  [ 1. -1.  1. ...  1.  1. -1.]
  [-1.  1. -1. ... -1. -1.  1.]]

 [[ 1.  1.  1. ...  1.  1.  1.]
  [ 1.  1.  1. ...  1.  1.  1.]
  [-1. -1. -1. ... -1. -1. -1.]
  ...
  [ 1.  1.  1. ...  1.  1.  1.]
  [ 1.  1.  1. ...  1.  1.  1.]
  [-1. -1. -1. ... -1. -1. -1.]]]"
45,What is the main driver of growth in automobile industry in Europe?,"[[[ 1.  1.  1. ...  1. -1. -1.]
  [-1. -1. -1. ... -1.  1.  1.]
  [ 1.  1.  1. ...  1. -1. -1.]
  ...
  [ 1.  1.  1. ...  1. -1. -1.]
  [ 1.  1.  1. ...  1. -1. -1.]
  [-1. -1. -1. ... -1.  1.  1.]]

 [[ 1. -1. -1. ...  1.  1. -1.]
  [-1.  1.  1. ... -1. -1.  1.]
  [ 1. -1. -1. ...  1.  1. -1.]
  ...
  [ 1. -1. -1. ...  1.  1. -1.]
  [ 1. -1. -1. ...  1.  1. -1.]
  [-1.  1.  1. ... -1. -1.  1.]]

 [[ 1.  1.  1. ... -1.  1. -1.]
  [-1. -1. -1. ...  1. -1.  1.]
  [ 1.  1.  1. ... -1.  1. -1.]
  ...
  [ 1.  1.  1. ... -1.  1. -1.]
  [ 1.  1.  1. ... -1.  1. -1.]
  [-1. -1. -1. ...  1. -1.  1.]]

 ...

 [[-1.  1.  1. ... -1.  1. -1.]
  [ 1. -1. -1. ...  1. -1.  1.]
  [-1.  1.  1. ... -1.  1. -1.]
  ...
  [-1.  1.  1. ... -1.  1. -1.]
  [-1.  1.  1. ... -1.  1. -1.]
  [ 1. -1. -1. ...  1. -1.  1.]]

 [[ 1. -1.  1. ...  1.  1. -1.]
  [-1.  1. -1. ... -1. -1.  1.]
  [ 1. -1.  1. ...  1.  1. -1.]
  ...
  [ 1. -1.  1. ...  1.  1. -1.]
  [ 1. -1.  1. ...  1.  1. -1.]
  [-1.  1. -1. ... -1. -1.  1.]]

 [[ 1.  1.  1. ...  1.  1.  1.]
  [-1. -1. -1. ... -1. -1. -1.]
  [ 1.  1.  1. ...  1.  1.  1.]
  ...
  [ 1.  1.  1. ...  1.  1.  1.]
  [ 1.  1.  1. ...  1.  1.  1.]
  [-1. -1. -1. ... -1. -1. -1.]]]"
46,Which country in Europe is going to grow the most in 2020?,"[[[ 1.  1.  1. ...  1. -1. -1.]
  [ 1.  1.  1. ...  1. -1. -1.]
  [ 1.  1.  1. ...  1. -1. -1.]
  ...
  [ 1.  1.  1. ...  1. -1. -1.]
  [ 1.  1.  1. ...  1. -1. -1.]
  [-1. -1. -1. ... -1.  1.  1.]]

 [[ 1. -1. -1. ...  1.  1. -1.]
  [ 1. -1. -1. ...  1.  1. -1.]
  [ 1. -1. -1. ...  1.  1. -1.]
  ...
  [ 1. -1. -1. ...  1.  1. -1.]
  [ 1. -1. -1. ...  1.  1. -1.]
  [-1.  1.  1. ... -1. -1.  1.]]

 [[ 1.  1.  1. ... -1.  1. -1.]
  [ 1.  1.  1. ... -1.  1. -1.]
  [ 1.  1.  1. ... -1.  1. -1.]
  ...
  [ 1.  1.  1. ... -1.  1. -1.]
  [ 1.  1.  1. ... -1.  1. -1.]
  [-1. -1. -1. ...  1. -1.  1.]]

 ...

 [[-1.  1.  1. ... -1.  1. -1.]
  [-1.  1.  1. ... -1.  1. -1.]
  [-1.  1.  1. ... -1.  1. -1.]
  ...
  [-1.  1.  1. ... -1.  1. -1.]
  [-1.  1.  1. ... -1.  1. -1.]
  [ 1. -1. -1. ...  1. -1.  1.]]

 [[ 1. -1.  1. ...  1.  1. -1.]
  [ 1. -1.  1. ...  1.  1. -1.]
  [ 1. -1.  1. ...  1.  1. -1.]
  ...
  [ 1. -1.  1. ...  1.  1. -1.]
  [ 1. -1.  1. ...  1.  1. -1.]
  [-1.  1. -1. ... -1. -1.  1.]]

 [[ 1.  1.  1. ...  1.  1.  1.]
  [ 1.  1.  1. ...  1.  1.  1.]
  [ 1.  1.  1. ...  1.  1.  1.]
  ...
  [ 1.  1.  1. ...  1.  1.  1.]
  [ 1.  1.  1. ...  1.  1.  1.]
  [-1. -1. -1. ... -1. -1. -1.]]]"
47,What are the biggest acquisitions in 2020?,"[[[-1. -1. -1. ... -1.  1.  1.]
  [ 1.  1.  1. ...  1. -1. -1.]
  [ 1.  1.  1. ...  1. -1. -1.]
  ...
  [-1. -1. -1. ... -1.  1.  1.]
  [ 1.  1.  1. ...  1. -1. -1.]
  [-1. -1. -1. ... -1.  1.  1.]]

 [[-1.  1.  1. ... -1. -1.  1.]
  [ 1. -1. -1. ...  1.  1. -1.]
  [ 1. -1. -1. ...  1.  1. -1.]
  ...
  [-1.  1.  1. ... -1. -1.  1.]
  [ 1. -1. -1. ...  1.  1. -1.]
  [-1.  1.  1. ... -1. -1.  1.]]

 [[-1. -1. -1. ...  1. -1.  1.]
  [ 1.  1.  1. ... -1.  1. -1.]
  [ 1.  1.  1. ... -1.  1. -1.]
  ...
  [-1. -1. -1. ...  1. -1.  1.]
  [ 1.  1.  1. ... -1.  1. -1.]
  [-1. -1. -1. ...  1. -1.  1.]]

 ...

 [[-1. -1. -1. ... -1. -1.  1.]
  [ 1.  1.  1. ...  1.  1. -1.]
  [ 1.  1.  1. ...  1.  1. -1.]
  ...
  [-1. -1. -1. ... -1. -1.  1.]
  [ 1.  1.  1. ...  1.  1. -1.]
  [-1. -1. -1. ... -1. -1.  1.]]

 [[-1.  1. -1. ... -1. -1.  1.]
  [ 1. -1.  1. ...  1.  1. -1.]
  [ 1. -1.  1. ...  1.  1. -1.]
  ...
  [-1.  1. -1. ... -1. -1.  1.]
  [ 1. -1.  1. ...  1.  1. -1.]
  [-1.  1. -1. ... -1. -1.  1.]]

 [[-1. -1. -1. ... -1. -1. -1.]
  [ 1.  1.  1. ...  1.  1.  1.]
  [ 1.  1.  1. ...  1.  1.  1.]
  ...
  [-1. -1. -1. ... -1. -1. -1.]
  [ 1.  1.  1. ...  1.  1.  1.]
  [-1. -1. -1. ... -1. -1. -1.]]]"
48,How impacted is the airline industry in 2020?,"[[[ 1.  1.  1. ...  1. -1. -1.]
  [-1. -1. -1. ... -1.  1.  1.]
  [ 1.  1.  1. ...  1. -1. -1.]
  ...
  [ 1.  1.  1. ...  1. -1. -1.]
  [ 1.  1.  1. ...  1. -1. -1.]
  [-1. -1. -1. ... -1.  1.  1.]]

 [[ 1. -1. -1. ...  1.  1. -1.]
  [-1.  1.  1. ... -1. -1.  1.]
  [ 1. -1. -1. ...  1.  1. -1.]
  ...
  [ 1. -1. -1. ...  1.  1. -1.]
  [ 1. -1. -1. ...  1.  1. -1.]
  [-1.  1.  1. ... -1. -1.  1.]]

 [[ 1.  1.  1. ... -1.  1. -1.]
  [-1. -1. -1. ...  1. -1.  1.]
  [ 1.  1.  1. ... -1.  1. -1.]
  ...
  [ 1.  1.  1. ... -1.  1. -1.]
  [ 1.  1.  1. ... -1.  1. -1.]
  [-1. -1. -1. ...  1. -1.  1.]]

 ...

 [[ 1.  1.  1. ...  1.  1. -1.]
  [-1. -1. -1. ... -1. -1.  1.]
  [ 1.  1.  1. ...  1.  1. -1.]
  ...
  [ 1.  1.  1. ...  1.  1. -1.]
  [ 1.  1.  1. ...  1.  1. -1.]
  [-1. -1. -1. ... -1. -1.  1.]]

 [[-1.  1.  1. ... -1.  1. -1.]
  [ 1. -1. -1. ...  1. -1.  1.]
  [-1.  1.  1. ... -1.  1. -1.]
  ...
  [-1.  1.  1. ... -1.  1. -1.]
  [-1.  1.  1. ... -1.  1. -1.]
  [ 1. -1. -1. ...  1. -1.  1.]]

 [[ 1.  1.  1. ...  1.  1.  1.]
  [-1. -1. -1. ... -1. -1. -1.]
  [ 1.  1.  1. ...  1.  1.  1.]
  ...
  [ 1.  1.  1. ...  1.  1.  1.]
  [ 1.  1.  1. ...  1.  1.  1.]
  [-1. -1. -1. ... -1. -1. -1.]]]"
49,What are the most prominent bankruptcies in 2020?,"[[[ 1.  1.  1. ...  1. -1. -1.]
  [ 1.  1.  1. ...  1. -1. -1.]
  [ 1.  1.  1. ...  1. -1. -1.]
  ...
  [ 1.  1.  1. ...  1. -1. -1.]
  [ 1.  1.  1. ...  1. -1. -1.]
  [ 1.  1.  1. ...  1. -1. -1.]]

 [[ 1. -1. -1. ...  1.  1. -1.]
  [ 1. -1. -1. ...  1.  1. -1.]
  [ 1. -1. -1. ...  1.  1. -1.]
  ...
  [ 1. -1. -1. ...  1.  1. -1.]
  [ 1. -1. -1. ...  1.  1. -1.]
  [ 1. -1. -1. ...  1.  1. -1.]]

 [[ 1.  1.  1. ... -1.  1. -1.]
  [ 1.  1.  1. ... -1.  1. -1.]
  [ 1.  1.  1. ... -1.  1. -1.]
  ...
  [ 1.  1.  1. ... -1.  1. -1.]
  [ 1.  1.  1. ... -1.  1. -1.]
  [ 1.  1.  1. ... -1.  1. -1.]]

 ...

 [[ 1.  1.  1. ...  1.  1. -1.]
  [ 1.  1.  1. ...  1.  1. -1.]
  [ 1.  1.  1. ...  1.  1. -1.]
  ...
  [ 1.  1.  1. ...  1.  1. -1.]
  [ 1.  1.  1. ...  1.  1. -1.]
  [ 1.  1.  1. ...  1.  1. -1.]]

 [[-1.  1.  1. ... -1.  1. -1.]
  [-1.  1.  1. ... -1.  1. -1.]
  [-1.  1.  1. ... -1.  1. -1.]
  ...
  [-1.  1.  1. ... -1.  1. -1.]
  [-1.  1.  1. ... -1.  1. -1.]
  [-1.  1.  1. ... -1.  1. -1.]]

 [[ 1. -1.  1. ...  1.  1. -1.]
  [ 1. -1.  1. ...  1.  1. -1.]
  [ 1. -1.  1. ...  1.  1. -1.]
  ...
  [ 1. -1.  1. ...  1.  1. -1.]
  [ 1. -1.  1. ...  1.  1. -1.]
  [ 1. -1.  1. ...  1.  1. -1.]]]"
